InvoiceNo,StockCode,Description,Quantity,InvoiceDate,UnitPrice,CustomerID,Country
554065,85039A,SET/4 RED MINI ROSE CANDLE IN BOWL,48,2011-05-22 10:39:00.000000 UTC,1.45,18287,United Kingdom
570715,22306,SILVER MUG BONE CHINA TREE OF LIFE,24,2011-10-12 10:23:00.000000 UTC,1.06,18287,United Kingdom
554065,22758,LARGE PURPLE BABUSHKA NOTEBOOK  ,12,2011-05-22 10:39:00.000000 UTC,1.25,18287,United Kingdom
570715,72351A,SET/6 TURQUOISE BUTTERFLY T-LIGHTS,24,2011-10-12 10:23:00.000000 UTC,2.1,18287,United Kingdom
554065,72349B,SET/6 PURPLE BUTTERFLY T-LIGHTS,12,2011-05-22 10:39:00.000000 UTC,2.1,18287,United Kingdom
570715,23077,DOUGHNUT LIP GLOSS ,20,2011-10-12 10:23:00.000000 UTC,1.25,18287,United Kingdom
554065,84584,PINK GINGHAM CAT WITH SCARF,6,2011-05-22 10:39:00.000000 UTC,2.55,18287,United Kingdom
573167,21824,PAINTED METAL STAR WITH HOLLY BELLS,48,2011-10-28 09:29:00.000000 UTC,0.39,18287,United Kingdom
570715,23076,ICE CREAM SUNDAE LIP GLOSS,24,2011-10-12 10:23:00.000000 UTC,1.25,18287,United Kingdom
570715,23223,CHRISTMAS TREE HANGING SILVER ,48,2011-10-12 10:23:00.000000 UTC,0.83,18287,United Kingdom
570715,23267,SET OF 4 SANTA PLACE SETTINGS,24,2011-10-12 10:23:00.000000 UTC,1.25,18287,United Kingdom
554065,20961,STRAWBERRY BATH SPONGE ,30,2011-05-22 10:39:00.000000 UTC,1.25,18287,United Kingdom
570715,22865,HAND WARMER OWL DESIGN,12,2011-10-12 10:23:00.000000 UTC,2.1,18287,United Kingdom
570715,85173,SET/6 FROG PRINCE T-LIGHT CANDLES,48,2011-10-12 10:23:00.000000 UTC,1.69,18287,United Kingdom
554065,22644,CERAMIC CHERRY CAKE MONEY BANK,12,2011-05-22 10:39:00.000000 UTC,1.45,18287,United Kingdom
570715,22144,CHRISTMAS CRAFT LITTLE FRIENDS,6,2011-10-12 10:23:00.000000 UTC,2.1,18287,United Kingdom
570715,23310,BUBBLEGUM RING ASSORTED,36,2011-10-12 10:23:00.000000 UTC,0.42,18287,United Kingdom
570715,21481,FAWN BLUE HOT WATER BOTTLE,4,2011-10-12 10:23:00.000000 UTC,3.75,18287,United Kingdom
554065,23076,ICE CREAM SUNDAE LIP GLOSS,24,2011-05-22 10:39:00.000000 UTC,1.25,18287,United Kingdom
570715,23376,PACK OF 12 VINTAGE CHRISTMAS TISSUE,48,2011-10-12 10:23:00.000000 UTC,0.39,18287,United Kingdom
570715,21819,GLITTER CHRISTMAS STAR ,36,2011-10-12 10:23:00.000000 UTC,0.39,18287,United Kingdom
570715,21823,PAINTED METAL HEART WITH HOLLY BELL,24,2011-10-12 10:23:00.000000 UTC,0.39,18287,United Kingdom
570715,23272,TREE T-LIGHT HOLDER WILLIE WINKIE,12,2011-10-12 10:23:00.000000 UTC,1.65,18287,United Kingdom
570715,23269,SET OF 2 CERAMIC CHRISTMAS TREES,36,2011-10-12 10:23:00.000000 UTC,1.45,18287,United Kingdom
570715,85039B,S/4 IVORY MINI ROSE CANDLE IN BOWL,48,2011-10-12 10:23:00.000000 UTC,1.45,18287,United Kingdom
554065,22582,PACK OF 6 SWEETIE GIFT BOXES,6,2011-05-22 10:39:00.000000 UTC,2.55,18287,United Kingdom
554065,21382,SET/4 SPRING FLOWER DECORATION,18,2011-05-22 10:39:00.000000 UTC,2.95,18287,United Kingdom
554065,22754,SMALL RED BABUSHKA NOTEBOOK ,12,2011-05-22 10:39:00.000000 UTC,0.85,18287,United Kingdom
570715,21817,GLITTER CHRISTMAS TREE,36,2011-10-12 10:23:00.000000 UTC,0.39,18287,United Kingdom
573167,23264,SET OF 3 WOODEN SLEIGH DECORATIONS,36,2011-10-28 09:29:00.000000 UTC,1.25,18287,United Kingdom
554065,22064,PINK DOUGHNUT TRINKET POT ,12,2011-05-22 10:39:00.000000 UTC,1.65,18287,United Kingdom
554065,21232,STRAWBERRY CERAMIC TRINKET BOX,12,2011-05-22 10:39:00.000000 UTC,1.25,18287,United Kingdom
554065,84920,PINK FLOWER FABRIC PONY,4,2011-05-22 10:39:00.000000 UTC,3.75,18287,United Kingdom
570715,21824,PAINTED METAL STAR WITH HOLLY BELLS,24,2011-10-12 10:23:00.000000 UTC,0.39,18287,United Kingdom
554065,22807,SET OF 6 T-LIGHTS TOADSTOOLS,6,2011-05-22 10:39:00.000000 UTC,2.95,18287,United Kingdom
554065,23078,ICE CREAM PEN LIP GLOSS ,24,2011-05-22 10:39:00.000000 UTC,1.25,18287,United Kingdom
570715,47422,ASSORTED MONKEY SUCTION CUP HOOK,24,2011-10-12 10:23:00.000000 UTC,0.42,18287,United Kingdom
554065,22755,SMALL PURPLE BABUSHKA NOTEBOOK ,12,2011-05-22 10:39:00.000000 UTC,0.85,18287,United Kingdom
570715,22600,CHRISTMAS RETROSPOT STAR WOOD,24,2011-10-12 10:23:00.000000 UTC,0.85,18287,United Kingdom
570715,22114,HOT WATER BOTTLE TEA AND SYMPATHY,4,2011-10-12 10:23:00.000000 UTC,4.25,18287,United Kingdom
570715,22866,HAND WARMER SCOTTY DOG DESIGN,12,2011-10-12 10:23:00.000000 UTC,2.1,18287,United Kingdom
554065,85039B,S/4 IVORY MINI ROSE CANDLE IN BOWL,12,2011-05-22 10:39:00.000000 UTC,1.65,18287,United Kingdom
570715,47421,ASSORTED COLOUR LIZARD SUCTION HOOK,24,2011-10-12 10:23:00.000000 UTC,0.42,18287,United Kingdom
554065,22753,SMALL YELLOW BABUSHKA NOTEBOOK ,12,2011-05-22 10:39:00.000000 UTC,0.85,18287,United Kingdom
570715,23445,ICE CREAM BUBBLES,20,2011-10-12 10:23:00.000000 UTC,0.83,18287,United Kingdom
570715,22419,LIPSTICK PEN RED,12,2011-10-12 10:23:00.000000 UTC,0.42,18287,United Kingdom
570715,22421,LIPSTICK PEN FUSCHIA,12,2011-10-12 10:23:00.000000 UTC,0.42,18287,United Kingdom
570715,23274,STAR T-LIGHT HOLDER WILLIE WINKIE,12,2011-10-12 10:23:00.000000 UTC,1.65,18287,United Kingdom
570715,72349B,SET/6 PURPLE BUTTERFLY T-LIGHTS,48,2011-10-12 10:23:00.000000 UTC,1.69,18287,United Kingdom
554065,85040A,S/4 PINK FLOWER CANDLES IN BOWL,12,2011-05-22 10:39:00.000000 UTC,1.65,18287,United Kingdom
554065,47421,ASSORTED COLOUR LIZARD SUCTION HOOK,24,2011-05-22 10:39:00.000000 UTC,0.42,18287,United Kingdom
570715,22603,CHRISTMAS RETROSPOT TREE WOOD,24,2011-10-12 10:23:00.000000 UTC,0.85,18287,United Kingdom
554065,20963,APPLE BATH SPONGE,30,2011-05-22 10:39:00.000000 UTC,1.25,18287,United Kingdom
554065,85039B,S/4 IVORY MINI ROSE CANDLE IN BOWL,60,2011-05-22 10:39:00.000000 UTC,1.45,18287,United Kingdom
554065,22756,LARGE YELLOW BABUSHKA NOTEBOOK ,12,2011-05-22 10:39:00.000000 UTC,1.25,18287,United Kingdom
570715,23378,PACK OF 12 50'S CHRISTMAS TISSUES,24,2011-10-12 10:23:00.000000 UTC,0.39,18287,United Kingdom
554065,22757,LARGE RED BABUSHKA NOTEBOOK ,12,2011-05-22 10:39:00.000000 UTC,1.25,18287,United Kingdom
554065,22752,SET 7 BABUSHKA NESTING BOXES,4,2011-05-22 10:39:00.000000 UTC,8.5,18287,United Kingdom
554065,85040A,S/4 PINK FLOWER CANDLES IN BOWL,36,2011-05-22 10:39:00.000000 UTC,1.65,18287,United Kingdom
554065,84507C,BLUE CIRCLES DESIGN MONKEY DOLL,6,2011-05-22 10:39:00.000000 UTC,2.55,18287,United Kingdom
570715,72351B,SET/6 PINK  BUTTERFLY T-LIGHTS,24,2011-10-12 10:23:00.000000 UTC,2.1,18287,United Kingdom
570715,23078,ICE CREAM PEN LIP GLOSS ,24,2011-10-12 10:23:00.000000 UTC,1.25,18287,United Kingdom
570715,21014,SWISS CHALET TREE DECORATION ,24,2011-10-12 10:23:00.000000 UTC,0.29,18287,United Kingdom
570715,23264,SET OF 3 WOODEN SLEIGH DECORATIONS,12,2011-10-12 10:23:00.000000 UTC,1.25,18287,United Kingdom
554065,21556,CERAMIC STRAWBERRY MONEY BOX,12,2011-05-22 10:39:00.000000 UTC,2.55,18287,United Kingdom
570715,22065,CHRISTMAS PUDDING TRINKET POT ,48,2011-10-12 10:23:00.000000 UTC,0.39,18287,United Kingdom
570715,85039A,SET/4 RED MINI ROSE CANDLE IN BOWL,48,2011-10-12 10:23:00.000000 UTC,1.45,18287,United Kingdom
570715,35967,FOLK ART METAL STAR T-LIGHT HOLDER,36,2011-10-12 10:23:00.000000 UTC,0.38,18287,United Kingdom
573167,21014,SWISS CHALET TREE DECORATION ,24,2011-10-28 09:29:00.000000 UTC,0.29,18287,United Kingdom
554065,22583,PACK OF 6 HANDBAG GIFT BOXES,6,2011-05-22 10:39:00.000000 UTC,2.55,18287,United Kingdom
540350,21733,RED HANGING HEART T-LIGHT HOLDER,1,2011-01-06 14:14:00.000000 UTC,2.95,18283,United Kingdom
550957,22757,LARGE RED BABUSHKA NOTEBOOK ,2,2011-04-21 16:37:00.000000 UTC,1.25,18283,United Kingdom
541854,21232,STRAWBERRY CERAMIC TRINKET BOX,4,2011-01-23 14:58:00.000000 UTC,1.25,18283,United Kingdom
540350,22645,CERAMIC HEART FAIRY CAKE MONEY BANK,1,2011-01-06 14:14:00.000000 UTC,1.45,18283,United Kingdom
550957,23204,CHARLOTTE BAG APPLES DESIGN,1,2011-04-21 16:37:00.000000 UTC,0.85,18283,United Kingdom
545079,21826,EIGHT PIECE DINOSAUR SET,2,2011-02-28 10:30:00.000000 UTC,1.25,18283,United Kingdom
540350,21930,JUMBO STORAGE BAG SKULLS,1,2011-01-06 14:14:00.000000 UTC,1.95,18283,United Kingdom
540350,21231,SWEETHEART CERAMIC TRINKET BOX,1,2011-01-06 14:14:00.000000 UTC,1.25,18283,United Kingdom
560025,22417,PACK OF 60 SPACEBOY CAKE CASES,2,2011-07-14 13:00:00.000000 UTC,0.55,18283,United Kingdom
541854,22930,BAKING MOULD HEART MILK CHOCOLATE,1,2011-01-23 14:58:00.000000 UTC,2.55,18283,United Kingdom
557956,85099F,JUMBO BAG STRAWBERRY,1,2011-06-23 19:20:00.000000 UTC,2.08,18283,United Kingdom
580872,21982,PACK OF 12 SUKI TISSUES ,2,2011-12-06 12:02:00.000000 UTC,0.39,18283,United Kingdom
557956,22551,PLASTERS IN TIN SPACEBOY,2,2011-06-23 19:20:00.000000 UTC,1.65,18283,United Kingdom
557956,23308,SET OF 60 VINTAGE LEAF CAKE CASES ,1,2011-06-23 19:20:00.000000 UTC,0.55,18283,United Kingdom
541854,22356,CHARLOTTE BAG PINK POLKADOT,1,2011-01-23 14:58:00.000000 UTC,0.85,18283,United Kingdom
557956,23199,JUMBO BAG APPLES,2,2011-06-23 19:20:00.000000 UTC,2.08,18283,United Kingdom
579673,23681,LUNCH BAG RED VINTAGE DOILY,2,2011-11-30 12:59:00.000000 UTC,1.65,18283,United Kingdom
557956,22754,SMALL RED BABUSHKA NOTEBOOK ,3,2011-06-23 19:20:00.000000 UTC,0.85,18283,United Kingdom
540350,21874,GIN AND TONIC MUG,1,2011-01-06 14:14:00.000000 UTC,1.25,18283,United Kingdom
579673,22356,CHARLOTTE BAG PINK POLKADOT,1,2011-11-30 12:59:00.000000 UTC,0.85,18283,United Kingdom
578262,20726,LUNCH BAG WOODLAND,2,2011-11-23 13:27:00.000000 UTC,1.65,18283,United Kingdom
557956,22352,LUNCH BOX WITH CUTLERY RETROSPOT ,1,2011-06-23 19:20:00.000000 UTC,2.55,18283,United Kingdom
578262,21986,PACK OF 12 PINK POLKADOT TISSUES,3,2011-11-23 13:27:00.000000 UTC,0.39,18283,United Kingdom
578262,22909,SET OF 20 VINTAGE CHRISTMAS NAPKINS,3,2011-11-23 13:27:00.000000 UTC,0.85,18283,United Kingdom
578262,20724,RED RETROSPOT CHARLOTTE BAG,2,2011-11-23 13:27:00.000000 UTC,0.85,18283,United Kingdom
578262,85099B,JUMBO BAG RED RETROSPOT,2,2011-11-23 13:27:00.000000 UTC,2.08,18283,United Kingdom
540350,22386,JUMBO BAG PINK POLKADOT,1,2011-01-06 14:14:00.000000 UTC,1.95,18283,United Kingdom
540350,22384,LUNCH BAG PINK POLKADOT,1,2011-01-06 14:14:00.000000 UTC,1.65,18283,United Kingdom
557956,23209,LUNCH BAG DOILEY PATTERN ,1,2011-06-23 19:20:00.000000 UTC,1.65,18283,United Kingdom
579673,23583,LUNCH BAG PAISLEY PARK  ,3,2011-11-30 12:59:00.000000 UTC,1.65,18283,United Kingdom
550957,22661,CHARLOTTE BAG DOLLY GIRL DESIGN,1,2011-04-21 16:37:00.000000 UTC,0.85,18283,United Kingdom
579673,23344,JUMBO BAG 50'S CHRISTMAS ,10,2011-11-30 12:59:00.000000 UTC,2.08,18283,United Kingdom
541854,22754,SMALL RED BABUSHKA NOTEBOOK ,1,2011-01-23 14:58:00.000000 UTC,0.85,18283,United Kingdom
557956,21733,RED HANGING HEART T-LIGHT HOLDER,1,2011-06-23 19:20:00.000000 UTC,2.95,18283,United Kingdom
560025,23203,JUMBO BAG DOILEY PATTERNS,2,2011-07-14 13:00:00.000000 UTC,2.08,18283,United Kingdom
557956,84997A,CHILDRENS CUTLERY POLKADOT GREEN ,1,2011-06-23 19:20:00.000000 UTC,4.15,18283,United Kingdom
557956,20723,STRAWBERRY CHARLOTTE BAG,1,2011-06-23 19:20:00.000000 UTC,0.85,18283,United Kingdom
540350,22962,JAM JAR WITH PINK LID,1,2011-01-06 14:14:00.000000 UTC,0.85,18283,United Kingdom
560025,22614,PACK OF 12 SPACEBOY TISSUES,2,2011-07-14 13:00:00.000000 UTC,0.29,18283,United Kingdom
541854,22758,LARGE PURPLE BABUSHKA NOTEBOOK  ,1,2011-01-23 14:58:00.000000 UTC,1.25,18283,United Kingdom
541854,21907,I'M ON HOLIDAY METAL SIGN,1,2011-01-23 14:58:00.000000 UTC,2.1,18283,United Kingdom
540350,22646,CERAMIC STRAWBERRY CAKE MONEY BANK,1,2011-01-06 14:14:00.000000 UTC,1.45,18283,United Kingdom
560025,22327,ROUND SNACK BOXES SET OF 4 SKULLS,1,2011-07-14 13:00:00.000000 UTC,2.95,18283,United Kingdom
540350,21175,GIN + TONIC DIET METAL SIGN,1,2011-01-06 14:14:00.000000 UTC,2.1,18283,United Kingdom
540350,22355,CHARLOTTE BAG SUKI DESIGN,1,2011-01-06 14:14:00.000000 UTC,0.85,18283,United Kingdom
540350,22385,JUMBO BAG SPACEBOY DESIGN,1,2011-01-06 14:14:00.000000 UTC,1.95,18283,United Kingdom
560025,21213,PACK OF 72 SKULL CAKE CASES,1,2011-07-14 13:00:00.000000 UTC,0.55,18283,United Kingdom
540350,82578,KITCHEN METAL SIGN,1,2011-01-06 14:14:00.000000 UTC,0.55,18283,United Kingdom
560025,23204,CHARLOTTE BAG APPLES DESIGN,4,2011-07-14 13:00:00.000000 UTC,0.85,18283,United Kingdom
540350,22666,RECIPE BOX PANTRY YELLOW DESIGN,1,2011-01-06 14:14:00.000000 UTC,2.95,18283,United Kingdom
579673,20724,RED RETROSPOT CHARLOTTE BAG,1,2011-11-30 12:59:00.000000 UTC,0.85,18283,United Kingdom
540350,22720,SET OF 3 CAKE TINS PANTRY DESIGN ,1,2011-01-06 14:14:00.000000 UTC,4.95,18283,United Kingdom
579673,23204,CHARLOTTE BAG APPLES DESIGN,3,2011-11-30 12:59:00.000000 UTC,0.85,18283,United Kingdom
578262,21981,PACK OF 12 WOODLAND TISSUES ,3,2011-11-23 13:27:00.000000 UTC,0.39,18283,United Kingdom
578262,22661,CHARLOTTE BAG DOLLY GIRL DESIGN,2,2011-11-23 13:27:00.000000 UTC,0.85,18283,United Kingdom
578262,22554,PLASTERS IN TIN WOODLAND ANIMALS,2,2011-11-23 13:27:00.000000 UTC,1.65,18283,United Kingdom
560025,20726,LUNCH BAG WOODLAND,1,2011-07-14 13:00:00.000000 UTC,1.65,18283,United Kingdom
557956,23196,RETRO LEAVES MAGNETIC NOTEPAD,1,2011-06-23 19:20:00.000000 UTC,1.45,18283,United Kingdom
560025,20712,JUMBO BAG WOODLAND ANIMALS,1,2011-07-14 13:00:00.000000 UTC,2.08,18283,United Kingdom
540350,21181,PLEASE ONE PERSON METAL SIGN,1,2011-01-06 14:14:00.000000 UTC,2.1,18283,United Kingdom
579673,23208,LUNCH BAG VINTAGE LEAF DESIGN,1,2011-11-30 12:59:00.000000 UTC,1.65,18283,United Kingdom
578262,23295,SET OF 12 MINI LOAF BAKING CASES,3,2011-11-23 13:27:00.000000 UTC,0.83,18283,United Kingdom
557956,21213,PACK OF 72 SKULL CAKE CASES,1,2011-06-23 19:20:00.000000 UTC,0.55,18283,United Kingdom
575668,22086,PAPER CHAIN KIT 50'S CHRISTMAS ,1,2011-11-10 14:59:00.000000 UTC,2.95,18283,United Kingdom
575668,23200,JUMBO BAG PEARS,1,2011-11-10 14:59:00.000000 UTC,2.08,18283,United Kingdom
557956,22385,JUMBO BAG SPACEBOY DESIGN,1,2011-06-23 19:20:00.000000 UTC,2.08,18283,United Kingdom
557956,22384,LUNCH BAG PINK POLKADOT,3,2011-06-23 19:20:00.000000 UTC,1.65,18283,United Kingdom
575668,22411,JUMBO SHOPPER VINTAGE RED PAISLEY,1,2011-11-10 14:59:00.000000 UTC,2.08,18283,United Kingdom
557956,21976,PACK OF 60 MUSHROOM CAKE CASES,2,2011-06-23 19:20:00.000000 UTC,0.55,18283,United Kingdom
557956,23200,JUMBO BAG PEARS,1,2011-06-23 19:20:00.000000 UTC,2.08,18283,United Kingdom
556731,23200,JUMBO BAG PEARS,1,2011-06-14 11:41:00.000000 UTC,2.08,18283,United Kingdom
556731,23204,CHARLOTTE BAG APPLES DESIGN,2,2011-06-14 11:41:00.000000 UTC,0.85,18283,United Kingdom
556731,20724,RED RETROSPOT CHARLOTTE BAG,2,2011-06-14 11:41:00.000000 UTC,0.85,18283,United Kingdom
556731,20727,LUNCH BAG  BLACK SKULL.,2,2011-06-14 11:41:00.000000 UTC,1.65,18283,United Kingdom
575668,22738,RIBBON REEL SNOWY VILLAGE,1,2011-11-10 14:59:00.000000 UTC,1.65,18283,United Kingdom
573093,22550,HOLIDAY FUN LUDO,1,2011-10-27 14:38:00.000000 UTC,3.75,18283,United Kingdom
556731,22382,LUNCH BAG SPACEBOY DESIGN ,2,2011-06-14 11:41:00.000000 UTC,1.65,18283,United Kingdom
556731,20725,LUNCH BAG RED RETROSPOT,2,2011-06-14 11:41:00.000000 UTC,1.65,18283,United Kingdom
573093,23318,BOX OF 6 MINI VINTAGE CRACKERS,1,2011-10-27 14:38:00.000000 UTC,2.49,18283,United Kingdom
573093,23494,VINTAGE DOILY DELUXE SEWING KIT ,1,2011-10-27 14:38:00.000000 UTC,5.95,18283,United Kingdom
565579,23307,SET OF 60 PANTRY DESIGN CAKE CASES ,1,2011-09-05 12:35:00.000000 UTC,0.55,18283,United Kingdom
565579,84991,60 TEATIME FAIRY CAKE CASES,1,2011-09-05 12:35:00.000000 UTC,0.55,18283,United Kingdom
565579,22579,WOODEN TREE CHRISTMAS SCANDINAVIAN,3,2011-09-05 12:35:00.000000 UTC,0.85,18283,United Kingdom
573093,22197,POPCORN HOLDER,3,2011-10-27 14:38:00.000000 UTC,0.85,18283,United Kingdom
557956,22355,CHARLOTTE BAG SUKI DESIGN,1,2011-06-23 19:20:00.000000 UTC,0.85,18283,United Kingdom
580872,23377,PACK OF 12 DOLLY GIRL TISSUES,2,2011-12-06 12:02:00.000000 UTC,0.39,18283,United Kingdom
580872,23343,JUMBO BAG VINTAGE CHRISTMAS ,10,2011-12-06 12:02:00.000000 UTC,2.08,18283,United Kingdom
580872,21981,PACK OF 12 WOODLAND TISSUES ,2,2011-12-06 12:02:00.000000 UTC,0.39,18283,United Kingdom
580872,21930,JUMBO STORAGE BAG SKULLS,3,2011-12-06 12:02:00.000000 UTC,2.08,18283,United Kingdom
579673,20719,WOODLAND CHARLOTTE BAG,2,2011-11-30 12:59:00.000000 UTC,0.85,18283,United Kingdom
579673,23208,LUNCH BAG VINTAGE LEAF DESIGN,1,2011-11-30 12:59:00.000000 UTC,1.65,18283,United Kingdom
579673,20725,LUNCH BAG RED RETROSPOT,3,2011-11-30 12:59:00.000000 UTC,1.65,18283,United Kingdom
565579,21213,PACK OF 72 SKULL CAKE CASES,1,2011-09-05 12:35:00.000000 UTC,0.55,18283,United Kingdom
565579,21977,PACK OF 60 PINK PAISLEY CAKE CASES,1,2011-09-05 12:35:00.000000 UTC,0.55,18283,United Kingdom
573093,23351,ROLL WRAP 50'S CHRISTMAS,2,2011-10-27 14:38:00.000000 UTC,1.25,18283,United Kingdom
565579,23247,BISCUIT TIN 50'S CHRISTMAS,1,2011-09-05 12:35:00.000000 UTC,2.89,18283,United Kingdom
573093,21891,TRADITIONAL WOODEN SKIPPING ROPE,3,2011-10-27 14:38:00.000000 UTC,1.45,18283,United Kingdom
573093,22549,PICTURE DOMINOES,1,2011-10-27 14:38:00.000000 UTC,1.45,18283,United Kingdom
575668,23349,ROLL WRAP VINTAGE CHRISTMAS,1,2011-11-10 14:59:00.000000 UTC,1.25,18283,United Kingdom
573093,23352,ROLL WRAP 50'S RED CHRISTMAS ,2,2011-10-27 14:38:00.000000 UTC,1.25,18283,United Kingdom
573093,22910,PAPER CHAIN KIT VINTAGE CHRISTMAS,1,2011-10-27 14:38:00.000000 UTC,2.95,18283,United Kingdom
556731,22355,CHARLOTTE BAG SUKI DESIGN,2,2011-06-14 11:41:00.000000 UTC,0.85,18283,United Kingdom
573093,23234,BISCUIT TIN VINTAGE CHRISTMAS,1,2011-10-27 14:38:00.000000 UTC,2.89,18283,United Kingdom
556731,22383,LUNCH BAG SUKI DESIGN ,2,2011-06-14 11:41:00.000000 UTC,1.65,18283,United Kingdom
573093,23509,MINI PLAYING CARDS FUN FAIR ,1,2011-10-27 14:38:00.000000 UTC,0.42,18283,United Kingdom
556731,21175,GIN + TONIC DIET METAL SIGN,3,2011-06-14 11:41:00.000000 UTC,2.55,18283,United Kingdom
575668,22355,CHARLOTTE BAG SUKI DESIGN,1,2011-11-10 14:59:00.000000 UTC,0.85,18283,United Kingdom
557956,23191,BUNDLE OF 3 RETRO NOTE BOOKS,1,2011-06-23 19:20:00.000000 UTC,1.65,18283,United Kingdom
557956,20676,RED RETROSPOT BOWL,2,2011-06-23 19:20:00.000000 UTC,1.25,18283,United Kingdom
557956,23192,BUNDLE OF 3 ALPHABET EXERCISE BOOKS,1,2011-06-23 19:20:00.000000 UTC,1.65,18283,United Kingdom
575668,23582,VINTAGE DOILY JUMBO BAG RED ,1,2011-11-10 14:59:00.000000 UTC,2.08,18283,United Kingdom
575668,85099B,JUMBO BAG RED RETROSPOT,1,2011-11-10 14:59:00.000000 UTC,2.08,18283,United Kingdom
575668,22619,SET OF 6 SOLDIER SKITTLES,1,2011-11-10 14:59:00.000000 UTC,3.75,18283,United Kingdom
575668,23203,JUMBO BAG VINTAGE DOILY ,1,2011-11-10 14:59:00.000000 UTC,2.08,18283,United Kingdom
557956,22028,PENNY FARTHING BIRTHDAY CARD,12,2011-06-23 19:20:00.000000 UTC,0.42,18283,United Kingdom
545079,21240,BLUE POLKADOT CUP,8,2011-02-28 10:30:00.000000 UTC,0.85,18283,United Kingdom
575668,20724,RED RETROSPOT CHARLOTTE BAG,1,2011-11-10 14:59:00.000000 UTC,0.85,18283,United Kingdom
578262,23377,PACK OF 12 DOLLY GIRL TISSUES,3,2011-11-23 13:27:00.000000 UTC,0.39,18283,United Kingdom
578262,23351,ROLL WRAP 50'S CHRISTMAS,1,2011-11-23 13:27:00.000000 UTC,1.25,18283,United Kingdom
578262,21212,PACK OF 72 RETROSPOT CAKE CASES,2,2011-11-23 13:27:00.000000 UTC,0.55,18283,United Kingdom
578262,21980,PACK OF 12 RED RETROSPOT TISSUES ,1,2011-11-23 13:27:00.000000 UTC,0.39,18283,United Kingdom
578262,23293,SET OF 12 FAIRY CAKE BAKING CASES,3,2011-11-23 13:27:00.000000 UTC,0.83,18283,United Kingdom
557956,21931,JUMBO STORAGE BAG SUKI,2,2011-06-23 19:20:00.000000 UTC,2.08,18283,United Kingdom
578262,22952,60 CAKE CASES VINTAGE CHRISTMAS,5,2011-11-23 13:27:00.000000 UTC,0.55,18283,United Kingdom
578262,20712,JUMBO BAG WOODLAND ANIMALS,2,2011-11-23 13:27:00.000000 UTC,2.08,18283,United Kingdom
578262,21212,PACK OF 72 RETROSPOT CAKE CASES,1,2011-11-23 13:27:00.000000 UTC,0.55,18283,United Kingdom
578262,21982,PACK OF 12 SUKI TISSUES ,3,2011-11-23 13:27:00.000000 UTC,0.39,18283,United Kingdom
578262,21975,PACK OF 60 DINOSAUR CAKE CASES,1,2011-11-23 13:27:00.000000 UTC,0.55,18283,United Kingdom
578262,21889,WOODEN BOX OF DOMINOES,2,2011-11-23 13:27:00.000000 UTC,1.25,18283,United Kingdom
578262,22356,CHARLOTTE BAG PINK POLKADOT,2,2011-11-23 13:27:00.000000 UTC,0.85,18283,United Kingdom
578262,23199,JUMBO BAG APPLES,2,2011-11-23 13:27:00.000000 UTC,2.08,18283,United Kingdom
540350,22722,SET OF 6 SPICE TINS PANTRY DESIGN,1,2011-01-06 14:14:00.000000 UTC,3.95,18283,United Kingdom
578262,22731,3D CHRISTMAS STAMPS STICKERS ,2,2011-11-23 13:27:00.000000 UTC,1.25,18283,United Kingdom
579673,20719,WOODLAND CHARLOTTE BAG,1,2011-11-30 12:59:00.000000 UTC,0.85,18283,United Kingdom
579673,23199,JUMBO BAG APPLES,3,2011-11-30 12:59:00.000000 UTC,2.08,18283,United Kingdom
557956,22554,PLASTERS IN TIN WOODLAND ANIMALS,1,2011-06-23 19:20:00.000000 UTC,1.65,18283,United Kingdom
579673,22383,LUNCH BAG SUKI DESIGN ,2,2011-11-30 12:59:00.000000 UTC,1.65,18283,United Kingdom
557956,21975,PACK OF 60 DINOSAUR CAKE CASES,1,2011-06-23 19:20:00.000000 UTC,0.55,18283,United Kingdom
579673,23294,SET OF 6 SNACK LOAF BAKING CASES,5,2011-11-30 12:59:00.000000 UTC,0.83,18283,United Kingdom
557956,20723,STRAWBERRY CHARLOTTE BAG,1,2011-06-23 19:20:00.000000 UTC,0.85,18283,United Kingdom
545079,20726,LUNCH BAG WOODLAND,1,2011-02-28 10:30:00.000000 UTC,1.65,18283,United Kingdom
545079,22753,SMALL YELLOW BABUSHKA NOTEBOOK ,2,2011-02-28 10:30:00.000000 UTC,0.85,18283,United Kingdom
580872,22382,LUNCH BAG SPACEBOY DESIGN ,3,2011-12-06 12:02:00.000000 UTC,1.65,18283,United Kingdom
541854,20967,GREY FLORAL FELTCRAFT SHOULDER BAG,1,2011-01-23 14:58:00.000000 UTC,3.75,18283,United Kingdom
557956,23206,LUNCH BAG APPLE DESIGN,2,2011-06-23 19:20:00.000000 UTC,1.65,18283,United Kingdom
557956,20725,LUNCH BAG RED RETROSPOT,2,2011-06-23 19:20:00.000000 UTC,1.65,18283,United Kingdom
560025,23196,VINTAGE LEAF MAGNETIC NOTEPAD,1,2011-07-14 13:00:00.000000 UTC,1.45,18283,United Kingdom
550957,22663,JUMBO BAG DOLLY GIRL DESIGN,1,2011-04-21 16:37:00.000000 UTC,2.08,18283,United Kingdom
557956,85099B,JUMBO BAG RED RETROSPOT,1,2011-06-23 19:20:00.000000 UTC,2.08,18283,United Kingdom
557956,20712,JUMBO BAG WOODLAND ANIMALS,2,2011-06-23 19:20:00.000000 UTC,2.08,18283,United Kingdom
560025,23199,JUMBO BAG APPLES,1,2011-07-14 13:00:00.000000 UTC,2.08,18283,United Kingdom
560025,23077,DOUGHNUT LIP GLOSS ,13,2011-07-14 13:00:00.000000 UTC,1.25,18283,United Kingdom
560025,22383,LUNCH BAG SUKI DESIGN ,1,2011-07-14 13:00:00.000000 UTC,1.65,18283,United Kingdom
540350,21068,VINTAGE BILLBOARD LOVE/HATE MUG,1,2011-01-06 14:14:00.000000 UTC,1.25,18283,United Kingdom
541854,21928,JUMBO BAG SCANDINAVIAN PAISLEY,1,2011-01-23 14:58:00.000000 UTC,1.95,18283,United Kingdom
540350,21870,I CAN ONLY PLEASE ONE PERSON MUG,1,2011-01-06 14:14:00.000000 UTC,1.25,18283,United Kingdom
560025,22964,3 PIECE SPACEBOY COOKIE CUTTER SET,1,2011-07-14 13:00:00.000000 UTC,2.1,18283,United Kingdom
541854,21931,JUMBO STORAGE BAG SUKI,1,2011-01-23 14:58:00.000000 UTC,1.95,18283,United Kingdom
560025,21931,JUMBO STORAGE BAG SUKI,1,2011-07-14 13:00:00.000000 UTC,2.08,18283,United Kingdom
560025,22972,CHILDREN'S SPACEBOY MUG,1,2011-07-14 13:00:00.000000 UTC,1.65,18283,United Kingdom
541854,22367,CHILDRENS APRON SPACEBOY DESIGN,1,2011-01-23 14:58:00.000000 UTC,1.95,18283,United Kingdom
540350,21232,STRAWBERRY CERAMIC TRINKET BOX,1,2011-01-06 14:14:00.000000 UTC,1.25,18283,United Kingdom
560025,22652,TRAVEL SEWING KIT,1,2011-07-14 13:00:00.000000 UTC,1.65,18283,United Kingdom
540350,21872,GLAMOROUS  MUG,1,2011-01-06 14:14:00.000000 UTC,1.25,18283,United Kingdom
545079,22418,10 COLOUR SPACEBOY PEN,12,2011-02-28 10:30:00.000000 UTC,0.85,18283,United Kingdom
545079,20969,RED FLORAL FELTCRAFT SHOULDER BAG,1,2011-02-28 10:30:00.000000 UTC,3.75,18283,United Kingdom
550957,23208,LUNCH BAG VINTAGE LEAF DESIGN,1,2011-04-21 16:37:00.000000 UTC,1.65,18283,United Kingdom
545079,22746,POPPY'S PLAYHOUSE LIVINGROOM ,1,2011-02-28 10:30:00.000000 UTC,2.1,18283,United Kingdom
545079,22274,FELTCRAFT DOLL EMILY,1,2011-02-28 10:30:00.000000 UTC,2.95,18283,United Kingdom
540350,22963,JAM JAR WITH GREEN LID,1,2011-01-06 14:14:00.000000 UTC,0.85,18283,United Kingdom
560025,21981,PACK OF 12 WOODLAND TISSUES ,2,2011-07-14 13:00:00.000000 UTC,0.29,18283,United Kingdom
540350,21213,PACK OF 72 SKULL CAKE CASES,1,2011-01-06 14:14:00.000000 UTC,0.55,18283,United Kingdom
560025,22384,LUNCH BAG PINK POLKADOT,1,2011-07-14 13:00:00.000000 UTC,1.65,18283,United Kingdom
550957,85099B,JUMBO BAG RED RETROSPOT,1,2011-04-21 16:37:00.000000 UTC,2.08,18283,United Kingdom
560025,85099B,JUMBO BAG RED RETROSPOT,1,2011-07-14 13:00:00.000000 UTC,2.08,18283,United Kingdom
540350,82581,TOILET METAL SIGN,1,2011-01-06 14:14:00.000000 UTC,0.55,18283,United Kingdom
560025,21874,GIN AND TONIC MUG,1,2011-07-14 13:00:00.000000 UTC,1.25,18283,United Kingdom
540350,21908,CHOCOLATE THIS WAY METAL SIGN,1,2011-01-06 14:14:00.000000 UTC,2.1,18283,United Kingdom
573093,23319,BOX OF 6 MINI 50'S CRACKERS,1,2011-10-27 14:38:00.000000 UTC,2.49,18283,United Kingdom
557956,22356,CHARLOTTE BAG PINK POLKADOT,1,2011-06-23 19:20:00.000000 UTC,0.85,18283,United Kingdom
580872,21980,PACK OF 12 RED RETROSPOT TISSUES ,2,2011-12-06 12:02:00.000000 UTC,0.39,18283,United Kingdom
580872,23202,JUMBO BAG VINTAGE LEAF,3,2011-12-06 12:02:00.000000 UTC,2.08,18283,United Kingdom
580872,90099,NECKLACE+BRACELET SET BLUE HIBISCUS,1,2011-12-06 12:02:00.000000 UTC,2.55,18283,United Kingdom
565579,M,Manual,1,2011-09-05 12:35:00.000000 UTC,4.0,18283,United Kingdom
565579,23204,CHARLOTTE BAG APPLES DESIGN,3,2011-09-05 12:35:00.000000 UTC,0.85,18283,United Kingdom
554157,22383,LUNCH BAG SUKI DESIGN ,2,2011-05-23 11:33:00.000000 UTC,1.65,18283,United Kingdom
554157,47580,TEA TIME DES TEA COSY,1,2011-05-23 11:33:00.000000 UTC,2.55,18283,United Kingdom
541854,22469,HEART OF WICKER SMALL,1,2011-01-23 14:58:00.000000 UTC,1.65,18283,United Kingdom
554157,22355,CHARLOTTE BAG SUKI DESIGN,2,2011-05-23 11:33:00.000000 UTC,0.85,18283,United Kingdom
565579,21181,PLEASE ONE PERSON METAL SIGN,3,2011-09-05 12:35:00.000000 UTC,2.1,18283,United Kingdom
554157,20725,LUNCH BAG RED RETROSPOT,1,2011-05-23 11:33:00.000000 UTC,1.65,18283,United Kingdom
541854,22551,PLASTERS IN TIN SPACEBOY,1,2011-01-23 14:58:00.000000 UTC,1.65,18283,United Kingdom
554157,22382,LUNCH BAG SPACEBOY DESIGN ,1,2011-05-23 11:33:00.000000 UTC,1.65,18283,United Kingdom
579673,21175,GIN AND TONIC DIET METAL SIGN,5,2011-11-30 12:59:00.000000 UTC,2.55,18283,United Kingdom
554157,22661,CHARLOTTE BAG DOLLY GIRL DESIGN,2,2011-05-23 11:33:00.000000 UTC,0.85,18283,United Kingdom
554157,22896,PEG BAG APPLES DESIGN,1,2011-05-23 11:33:00.000000 UTC,2.55,18283,United Kingdom
557956,21212,PACK OF 72 RETROSPOT CAKE CASES,3,2011-06-23 19:20:00.000000 UTC,0.55,18283,United Kingdom
557956,22417,PACK OF 60 SPACEBOY CAKE CASES,1,2011-06-23 19:20:00.000000 UTC,0.55,18283,United Kingdom
565579,85099B,JUMBO BAG RED RETROSPOT,2,2011-09-05 12:35:00.000000 UTC,2.08,18283,United Kingdom
554157,22385,JUMBO BAG SPACEBOY DESIGN,1,2011-05-23 11:33:00.000000 UTC,2.08,18283,United Kingdom
554157,20727,LUNCH BAG  BLACK SKULL.,1,2011-05-23 11:33:00.000000 UTC,1.65,18283,United Kingdom
578262,22385,JUMBO BAG SPACEBOY DESIGN,2,2011-11-23 13:27:00.000000 UTC,2.08,18283,United Kingdom
554157,22896,PEG BAG APPLES DESIGN,1,2011-05-23 11:33:00.000000 UTC,2.55,18283,United Kingdom
550957,21931,JUMBO STORAGE BAG SUKI,1,2011-04-21 16:37:00.000000 UTC,2.08,18283,United Kingdom
578262,22739,RIBBON REEL CHRISTMAS SOCK BAUBLE,2,2011-11-23 13:27:00.000000 UTC,1.65,18283,United Kingdom
565579,21212,PACK OF 72 RETROSPOT CAKE CASES,1,2011-09-05 12:35:00.000000 UTC,0.55,18283,United Kingdom
565579,22379,RECYCLING BAG RETROSPOT ,3,2011-09-05 12:35:00.000000 UTC,2.1,18283,United Kingdom
550957,21212,PACK OF 72 RETROSPOT CAKE CASES,1,2011-04-21 16:37:00.000000 UTC,0.55,18283,United Kingdom
554157,23206,LUNCH BAG APPLE DESIGN,3,2011-05-23 11:33:00.000000 UTC,1.65,18283,United Kingdom
550957,22756,LARGE YELLOW BABUSHKA NOTEBOOK ,2,2011-04-21 16:37:00.000000 UTC,1.25,18283,United Kingdom
550957,20726,LUNCH BAG WOODLAND,2,2011-04-21 16:37:00.000000 UTC,1.65,18283,United Kingdom
550957,22898,CHILDRENS APRON APPLES DESIGN,1,2011-04-21 16:37:00.000000 UTC,1.95,18283,United Kingdom
550957,84991,60 TEATIME FAIRY CAKE CASES,2,2011-04-21 16:37:00.000000 UTC,0.55,18283,United Kingdom
565579,23208,LUNCH BAG VINTAGE LEAF DESIGN,2,2011-09-05 12:35:00.000000 UTC,1.65,18283,United Kingdom
550957,22068,BLACK PIRATE TREASURE CHEST,2,2011-04-21 16:37:00.000000 UTC,1.65,18283,United Kingdom
565579,22662,LUNCH BAG DOLLY GIRL DESIGN,3,2011-09-05 12:35:00.000000 UTC,1.65,18283,United Kingdom
550957,21929,JUMBO BAG PINK VINTAGE PAISLEY,1,2011-04-21 16:37:00.000000 UTC,2.08,18283,United Kingdom
579673,20727,LUNCH BAG  BLACK SKULL.,1,2011-11-30 12:59:00.000000 UTC,1.65,18283,United Kingdom
550957,20724,RED RETROSPOT CHARLOTTE BAG,1,2011-04-21 16:37:00.000000 UTC,0.85,18283,United Kingdom
550957,47591D,PINK FAIRY CAKE CHILDRENS APRON,1,2011-04-21 16:37:00.000000 UTC,1.95,18283,United Kingdom
550957,22355,CHARLOTTE BAG SUKI DESIGN,1,2011-04-21 16:37:00.000000 UTC,0.85,18283,United Kingdom
579673,23203,JUMBO BAG VINTAGE DOILY ,3,2011-11-30 12:59:00.000000 UTC,2.08,18283,United Kingdom
554157,23206,LUNCH BAG APPLE DESIGN,1,2011-05-23 11:33:00.000000 UTC,1.65,18283,United Kingdom
545079,21931,JUMBO STORAGE BAG SUKI,1,2011-02-28 10:30:00.000000 UTC,1.95,18283,United Kingdom
554157,22551,PLASTERS IN TIN SPACEBOY,2,2011-05-23 11:33:00.000000 UTC,1.65,18283,United Kingdom
579673,22367,CHILDRENS APRON SPACEBOY DESIGN,2,2011-11-30 12:59:00.000000 UTC,1.95,18283,United Kingdom
541854,22149,FELTCRAFT 6 FLOWER FRIENDS,1,2011-01-23 14:58:00.000000 UTC,2.1,18283,United Kingdom
554157,23204,CHARLOTTE BAG APPLES DESIGN,1,2011-05-23 11:33:00.000000 UTC,0.85,18283,United Kingdom
554157,23205,CHARLOTTE BAG VINTAGE ALPHABET ,1,2011-05-23 11:33:00.000000 UTC,0.85,18283,United Kingdom
557956,21930,JUMBO STORAGE BAG SKULLS,2,2011-06-23 19:20:00.000000 UTC,2.08,18283,United Kingdom
554157,22554,PLASTERS IN TIN WOODLAND ANIMALS,1,2011-05-23 11:33:00.000000 UTC,1.65,18283,United Kingdom
579673,23206,LUNCH BAG APPLE DESIGN,1,2011-11-30 12:59:00.000000 UTC,1.65,18283,United Kingdom
554157,22382,LUNCH BAG SPACEBOY DESIGN ,1,2011-05-23 11:33:00.000000 UTC,1.65,18283,United Kingdom
579673,22382,LUNCH BAG SPACEBOY DESIGN ,2,2011-11-30 12:59:00.000000 UTC,1.65,18283,United Kingdom
554157,20725,LUNCH BAG RED RETROSPOT,2,2011-05-23 11:33:00.000000 UTC,1.65,18283,United Kingdom
554157,23207,LUNCH BAG ALPHABET DESIGN,1,2011-05-23 11:33:00.000000 UTC,1.65,18283,United Kingdom
554157,22384,LUNCH BAG PINK POLKADOT,1,2011-05-23 11:33:00.000000 UTC,1.65,18283,United Kingdom
565579,21976,PACK OF 60 MUSHROOM CAKE CASES,1,2011-09-05 12:35:00.000000 UTC,0.55,18283,United Kingdom
554157,22895,SET OF 2 TEA TOWELS APPLE AND PEARS,1,2011-05-23 11:33:00.000000 UTC,3.25,18283,United Kingdom
565579,22663,JUMBO BAG DOLLY GIRL DESIGN,2,2011-09-05 12:35:00.000000 UTC,2.08,18283,United Kingdom
554157,23207,LUNCH BAG ALPHABET DESIGN,1,2011-05-23 11:33:00.000000 UTC,1.65,18283,United Kingdom
565579,20726,LUNCH BAG WOODLAND,2,2011-09-05 12:35:00.000000 UTC,1.65,18283,United Kingdom
579673,22384,LUNCH BAG PINK POLKADOT,1,2011-11-30 12:59:00.000000 UTC,1.65,18283,United Kingdom
579673,22898,CHILDRENS APRON APPLES DESIGN,3,2011-11-30 12:59:00.000000 UTC,1.95,18283,United Kingdom
579673,21931,JUMBO STORAGE BAG SUKI,3,2011-11-30 12:59:00.000000 UTC,2.08,18283,United Kingdom
579673,21890,S/6 WOODEN SKITTLES IN COTTON BAG,3,2011-11-30 12:59:00.000000 UTC,3.25,18283,United Kingdom
579673,21874,GIN AND TONIC MUG,5,2011-11-30 12:59:00.000000 UTC,1.65,18283,United Kingdom
580872,20712,JUMBO BAG WOODLAND ANIMALS,3,2011-12-06 12:02:00.000000 UTC,2.08,18283,United Kingdom
580872,23199,JUMBO BAG APPLES,3,2011-12-06 12:02:00.000000 UTC,2.08,18283,United Kingdom
580872,22614,PACK OF 12 SPACEBOY TISSUES,2,2011-12-06 12:02:00.000000 UTC,0.39,18283,United Kingdom
580872,23344,JUMBO BAG 50'S CHRISTMAS ,10,2011-12-06 12:02:00.000000 UTC,2.08,18283,United Kingdom
580872,23381,PACK OF 12 VINTAGE LEAF TISSUES ,2,2011-12-06 12:02:00.000000 UTC,0.39,18283,United Kingdom
541854,22150,3 STRIPEY MICE FELTCRAFT,1,2011-01-23 14:58:00.000000 UTC,1.95,18283,United Kingdom
557956,84997B,CHILDRENS CUTLERY RETROSPOT RED ,1,2011-06-23 19:20:00.000000 UTC,4.15,18283,United Kingdom
580872,23206,LUNCH BAG APPLE DESIGN,3,2011-12-06 12:02:00.000000 UTC,1.65,18283,United Kingdom
578262,22384,LUNCH BAG PINK POLKADOT,2,2011-11-23 13:27:00.000000 UTC,1.65,18283,United Kingdom
575668,23209,LUNCH BAG VINTAGE DOILY ,1,2011-11-10 14:59:00.000000 UTC,1.65,18283,United Kingdom
565579,23234,BISCUIT TIN VINTAGE CHRISTMAS,1,2011-09-05 12:35:00.000000 UTC,2.89,18283,United Kingdom
550957,22382,LUNCH BAG SPACEBOY DESIGN ,2,2011-04-21 16:37:00.000000 UTC,1.65,18283,United Kingdom
550957,20723,STRAWBERRY CHARLOTTE BAG,1,2011-04-21 16:37:00.000000 UTC,0.85,18283,United Kingdom
560032,21874,GIN AND TONIC MUG,2,2011-07-14 13:20:00.000000 UTC,1.25,18283,United Kingdom
550957,22951,60 CAKE CASES DOLLY GIRL DESIGN,3,2011-04-21 16:37:00.000000 UTC,0.55,18283,United Kingdom
565579,21931,JUMBO STORAGE BAG SUKI,1,2011-09-05 12:35:00.000000 UTC,2.08,18283,United Kingdom
565579,22355,CHARLOTTE BAG SUKI DESIGN,2,2011-09-05 12:35:00.000000 UTC,0.85,18283,United Kingdom
550957,20712,JUMBO BAG WOODLAND ANIMALS,1,2011-04-21 16:37:00.000000 UTC,2.08,18283,United Kingdom
565579,23203,JUMBO BAG VINTAGE DOILY ,2,2011-09-05 12:35:00.000000 UTC,2.08,18283,United Kingdom
573093,23507,MINI PLAYING CARDS BUFFALO BILL ,1,2011-10-27 14:38:00.000000 UTC,0.42,18283,United Kingdom
565579,23199,JUMBO BAG APPLES,3,2011-09-05 12:35:00.000000 UTC,2.08,18283,United Kingdom
560025,22386,JUMBO BAG PINK POLKADOT,1,2011-07-14 13:00:00.000000 UTC,2.08,18283,United Kingdom
550957,22758,LARGE PURPLE BABUSHKA NOTEBOOK  ,2,2011-04-21 16:37:00.000000 UTC,1.25,18283,United Kingdom
550957,21931,JUMBO STORAGE BAG SUKI,1,2011-04-21 16:37:00.000000 UTC,2.08,18283,United Kingdom
573093,22909,SET OF 20 VINTAGE CHRISTMAS NAPKINS,2,2011-10-27 14:38:00.000000 UTC,0.85,18283,United Kingdom
573093,22952,60 CAKE CASES VINTAGE CHRISTMAS,4,2011-10-27 14:38:00.000000 UTC,0.55,18283,United Kingdom
573093,23343,JUMBO BAG VINTAGE CHRISTMAS ,5,2011-10-27 14:38:00.000000 UTC,2.08,18283,United Kingdom
556731,23236,DOILEY STORAGE TIN,1,2011-06-14 11:41:00.000000 UTC,2.89,18283,United Kingdom
557956,20727,LUNCH BAG  BLACK SKULL.,3,2011-06-23 19:20:00.000000 UTC,1.65,18283,United Kingdom
573093,23373,VINTAGE CHRISTMAS PAPER GIFT BAG,1,2011-10-27 14:38:00.000000 UTC,0.82,18283,United Kingdom
573093,23350,ROLL WRAP VINTAGE SPOT ,2,2011-10-27 14:38:00.000000 UTC,1.25,18283,United Kingdom
573093,23253,16 PIECE CUTLERY SET PANTRY DESIGN,1,2011-10-27 14:38:00.000000 UTC,15.95,18283,United Kingdom
556731,21155,RED RETROSPOT PEG BAG,4,2011-06-14 11:41:00.000000 UTC,2.55,18283,United Kingdom
573093,23508,MINI PLAYING CARDS DOLLY GIRL ,1,2011-10-27 14:38:00.000000 UTC,0.42,18283,United Kingdom
556731,23240,SET OF 4 KNICK KNACK TINS DOILEY ,1,2011-06-14 11:41:00.000000 UTC,4.15,18283,United Kingdom
573093,22561,WOODEN SCHOOL COLOURING SET,1,2011-10-27 14:38:00.000000 UTC,1.65,18283,United Kingdom
573093,23354,6 GIFT TAGS 50'S CHRISTMAS ,1,2011-10-27 14:38:00.000000 UTC,0.83,18283,United Kingdom
573093,22086,PAPER CHAIN KIT 50'S CHRISTMAS ,1,2011-10-27 14:38:00.000000 UTC,2.95,18283,United Kingdom
556731,23244,ROUND STORAGE TIN VINTAGE LEAF,3,2011-06-14 11:41:00.000000 UTC,1.95,18283,United Kingdom
575668,23343,JUMBO BAG VINTAGE CHRISTMAS ,1,2011-11-10 14:59:00.000000 UTC,2.08,18283,United Kingdom
556731,23237,SET OF 4 KNICK KNACK TINS LEAVES ,1,2011-06-14 11:41:00.000000 UTC,4.15,18283,United Kingdom
575668,23201,JUMBO BAG ALPHABET,1,2011-11-10 14:59:00.000000 UTC,2.08,18283,United Kingdom
556731,23202,JUMBO BAG VINTAGE LEAF,1,2011-06-14 11:41:00.000000 UTC,2.08,18283,United Kingdom
575668,22736,RIBBON REEL MAKING SNOWMEN ,1,2011-11-10 14:59:00.000000 UTC,1.65,18283,United Kingdom
557956,20974,12 PENCILS SMALL TUBE SKULL,1,2011-06-23 19:20:00.000000 UTC,0.65,18283,United Kingdom
575668,21790,VINTAGE SNAP CARDS,1,2011-11-10 14:59:00.000000 UTC,0.85,18283,United Kingdom
557956,22964,3 PIECE SPACEBOY COOKIE CUTTER SET,1,2011-06-23 19:20:00.000000 UTC,2.1,18283,United Kingdom
575668,23318,BOX OF 6 MINI VINTAGE CRACKERS,2,2011-11-10 14:59:00.000000 UTC,2.49,18283,United Kingdom
557956,23298,SPOTTY BUNTING,1,2011-06-23 19:20:00.000000 UTC,4.95,18283,United Kingdom
575668,23320,GIANT 50'S CHRISTMAS CRACKER,2,2011-11-10 14:59:00.000000 UTC,2.89,18283,United Kingdom
557956,22418,10 COLOUR SPACEBOY PEN,12,2011-06-23 19:20:00.000000 UTC,0.85,18283,United Kingdom
575668,22383,LUNCH BAG SUKI DESIGN ,1,2011-11-10 14:59:00.000000 UTC,1.65,18283,United Kingdom
575668,22385,JUMBO BAG SPACEBOY DESIGN,1,2011-11-10 14:59:00.000000 UTC,2.08,18283,United Kingdom
575668,21891,TRADITIONAL WOODEN SKIPPING ROPE,1,2011-11-10 14:59:00.000000 UTC,1.45,18283,United Kingdom
575668,20719,WOODLAND CHARLOTTE BAG,1,2011-11-10 14:59:00.000000 UTC,0.85,18283,United Kingdom
575668,20726,LUNCH BAG WOODLAND,1,2011-11-10 14:59:00.000000 UTC,1.65,18283,United Kingdom
575668,22384,LUNCH BAG PINK POLKADOT,1,2011-11-10 14:59:00.000000 UTC,1.65,18283,United Kingdom
575668,22910,PAPER CHAIN KIT VINTAGE CHRISTMAS,1,2011-11-10 14:59:00.000000 UTC,2.95,18283,United Kingdom
575668,23681,LUNCH BAG RED VINTAGE DOILY,1,2011-11-10 14:59:00.000000 UTC,1.65,18283,United Kingdom
578262,23508,MINI PLAYING CARDS DOLLY GIRL ,1,2011-11-23 13:27:00.000000 UTC,0.42,18283,United Kingdom
578262,22662,LUNCH BAG DOLLY GIRL DESIGN,2,2011-11-23 13:27:00.000000 UTC,1.65,18283,United Kingdom
557956,20724,RED RETROSPOT CHARLOTTE BAG,2,2011-06-23 19:20:00.000000 UTC,0.85,18283,United Kingdom
578262,21930,JUMBO STORAGE BAG SKULLS,2,2011-11-23 13:27:00.000000 UTC,2.08,18283,United Kingdom
578262,21967,PACK OF 12 SKULL TISSUES,3,2011-11-23 13:27:00.000000 UTC,0.39,18283,United Kingdom
575675,23493,VINTAGE DOILY TRAVEL SEWING KIT,1,2011-11-10 15:07:00.000000 UTC,1.95,18283,United Kingdom
578262,22383,LUNCH BAG SUKI DESIGN ,1,2011-11-23 13:27:00.000000 UTC,1.65,18283,United Kingdom
578262,23381,PACK OF 12 VINTAGE LEAF TISSUES ,1,2011-11-23 13:27:00.000000 UTC,0.39,18283,United Kingdom
578262,85099F,JUMBO BAG STRAWBERRY,2,2011-11-23 13:27:00.000000 UTC,2.08,18283,United Kingdom
578262,23379,PACK OF 12 RED APPLE TISSUES,3,2011-11-23 13:27:00.000000 UTC,0.39,18283,United Kingdom
578262,23319,BOX OF 6 MINI 50'S CRACKERS,4,2011-11-23 13:27:00.000000 UTC,2.49,18283,United Kingdom
578262,35970,ZINC FOLKART SLEIGH BELLS,3,2011-11-23 13:27:00.000000 UTC,1.69,18283,United Kingdom
578262,23380,PACK OF 12 VINTAGE DOILY TISSUES,1,2011-11-23 13:27:00.000000 UTC,0.39,18283,United Kingdom
578262,22614,PACK OF 12 SPACEBOY TISSUES,3,2011-11-23 13:27:00.000000 UTC,0.39,18283,United Kingdom
578262,20725,LUNCH BAG RED RETROSPOT,2,2011-11-23 13:27:00.000000 UTC,1.65,18283,United Kingdom
578262,21975,PACK OF 60 DINOSAUR CAKE CASES,3,2011-11-23 13:27:00.000000 UTC,0.55,18283,United Kingdom
560025,23208,LUNCH BAG VINTAGE LEAF DESIGN,1,2011-07-14 13:00:00.000000 UTC,1.65,18283,United Kingdom
578262,22735,RIBBON REEL SOCKS AND MITTENS,2,2011-11-23 13:27:00.000000 UTC,1.65,18283,United Kingdom
578262,84992,72 SWEETHEART FAIRY CAKE CASES,1,2011-11-23 13:27:00.000000 UTC,0.55,18283,United Kingdom
578262,22737,RIBBON REEL CHRISTMAS PRESENT ,2,2011-11-23 13:27:00.000000 UTC,1.65,18283,United Kingdom
560025,23237,SET OF 4 KNICK KNACK TINS LEAF,2,2011-07-14 13:00:00.000000 UTC,4.15,18283,United Kingdom
578262,21213,PACK OF 72 SKULL CAKE CASES,3,2011-11-23 13:27:00.000000 UTC,0.55,18283,United Kingdom
550957,21181,PLEASE ONE PERSON METAL SIGN,1,2011-04-21 16:37:00.000000 UTC,2.1,18283,United Kingdom
540350,20712,JUMBO BAG WOODLAND ANIMALS,1,2011-01-06 14:14:00.000000 UTC,1.95,18283,United Kingdom
578262,21931,JUMBO STORAGE BAG SUKI,2,2011-11-23 13:27:00.000000 UTC,2.08,18283,United Kingdom
578262,23206,LUNCH BAG APPLE DESIGN,2,2011-11-23 13:27:00.000000 UTC,1.65,18283,United Kingdom
578262,23506,MINI PLAYING CARDS SPACEBOY ,1,2011-11-23 13:27:00.000000 UTC,0.42,18283,United Kingdom
578262,22551,PLASTERS IN TIN SPACEBOY,2,2011-11-23 13:27:00.000000 UTC,1.65,18283,United Kingdom
578262,22355,CHARLOTTE BAG SUKI DESIGN,2,2011-11-23 13:27:00.000000 UTC,0.85,18283,United Kingdom
578262,23681,LUNCH BAG RED VINTAGE DOILY,2,2011-11-23 13:27:00.000000 UTC,1.65,18283,United Kingdom
578262,22383,LUNCH BAG SUKI DESIGN ,1,2011-11-23 13:27:00.000000 UTC,1.65,18283,United Kingdom
578262,23343,JUMBO BAG VINTAGE CHRISTMAS ,10,2011-11-23 13:27:00.000000 UTC,2.08,18283,United Kingdom
578262,21212,PACK OF 72 RETROSPOT CAKE CASES,1,2011-11-23 13:27:00.000000 UTC,0.55,18283,United Kingdom
557956,23202,JUMBO BAG VINTAGE LEAF,1,2011-06-23 19:20:00.000000 UTC,2.08,18283,United Kingdom
579673,23681,LUNCH BAG RED VINTAGE DOILY,1,2011-11-30 12:59:00.000000 UTC,1.65,18283,United Kingdom
557956,47559B,TEA TIME OVEN GLOVE,1,2011-06-23 19:20:00.000000 UTC,1.25,18283,United Kingdom
540350,85099F,JUMBO BAG STRAWBERRY,1,2011-01-06 14:14:00.000000 UTC,1.95,18283,United Kingdom
579673,23201,JUMBO BAG ALPHABET,3,2011-11-30 12:59:00.000000 UTC,2.08,18283,United Kingdom
578262,23320,GIANT 50'S CHRISTMAS CRACKER,4,2011-11-23 13:27:00.000000 UTC,2.89,18283,United Kingdom
540350,20724,RED RETROSPOT CHARLOTTE BAG,1,2011-01-06 14:14:00.000000 UTC,0.85,18283,United Kingdom
579673,22356,CHARLOTTE BAG PINK POLKADOT,2,2011-11-30 12:59:00.000000 UTC,0.85,18283,United Kingdom
557956,20726,LUNCH BAG WOODLAND,2,2011-06-23 19:20:00.000000 UTC,1.65,18283,United Kingdom
578262,22663,JUMBO BAG DOLLY GIRL DESIGN,2,2011-11-23 13:27:00.000000 UTC,2.08,18283,United Kingdom
578262,23308,SET OF 60 VINTAGE LEAF CAKE CASES ,1,2011-11-23 13:27:00.000000 UTC,0.55,18283,United Kingdom
579673,22663,JUMBO BAG DOLLY GIRL DESIGN,3,2011-11-30 12:59:00.000000 UTC,2.08,18283,United Kingdom
579673,23209,LUNCH BAG VINTAGE DOILY ,2,2011-11-30 12:59:00.000000 UTC,1.65,18283,United Kingdom
579673,22661,CHARLOTTE BAG DOLLY GIRL DESIGN,2,2011-11-30 12:59:00.000000 UTC,0.85,18283,United Kingdom
557956,20728,LUNCH BAG CARS BLUE,2,2011-06-23 19:20:00.000000 UTC,1.65,18283,United Kingdom
541854,20712,JUMBO BAG WOODLAND ANIMALS,1,2011-01-23 14:58:00.000000 UTC,1.95,18283,United Kingdom
557956,22385,JUMBO BAG SPACEBOY DESIGN,1,2011-06-23 19:20:00.000000 UTC,2.08,18283,United Kingdom
540350,20719,WOODLAND CHARLOTTE BAG,1,2011-01-06 14:14:00.000000 UTC,0.85,18283,United Kingdom
540350,85099B,JUMBO BAG RED RETROSPOT,2,2011-01-06 14:14:00.000000 UTC,1.95,18283,United Kingdom
545079,22355,CHARLOTTE BAG SUKI DESIGN,1,2011-02-28 10:30:00.000000 UTC,0.85,18283,United Kingdom
545079,85123A,WHITE HANGING HEART T-LIGHT HOLDER,2,2011-02-28 10:30:00.000000 UTC,2.95,18283,United Kingdom
545079,22748,POPPY'S PLAYHOUSE KITCHEN,1,2011-02-28 10:30:00.000000 UTC,2.1,18283,United Kingdom
545079,22487,WHITE WOOD GARDEN PLANT LADDER,1,2011-02-28 10:30:00.000000 UTC,9.95,18283,United Kingdom
560025,23202,JUMBO BAG VINTAGE LEAF,1,2011-07-14 13:00:00.000000 UTC,2.08,18283,United Kingdom
540350,22652,TRAVEL SEWING KIT,1,2011-01-06 14:14:00.000000 UTC,1.65,18283,United Kingdom
541854,22755,SMALL PURPLE BABUSHKA NOTEBOOK ,1,2011-01-23 14:58:00.000000 UTC,0.85,18283,United Kingdom
541854,22554,PLASTERS IN TIN WOODLAND ANIMALS,1,2011-01-23 14:58:00.000000 UTC,1.65,18283,United Kingdom
557956,22755,SMALL PURPLE BABUSHKA NOTEBOOK ,3,2011-06-23 19:20:00.000000 UTC,0.85,18283,United Kingdom
557956,21121,SET/10 RED POLKADOT PARTY CANDLES,1,2011-06-23 19:20:00.000000 UTC,1.25,18283,United Kingdom
557956,23307,SET OF 60 PANTRY DESIGN CAKE CASES ,1,2011-06-23 19:20:00.000000 UTC,0.55,18283,United Kingdom
557956,20973,12 PENCIL SMALL TUBE WOODLAND,1,2011-06-23 19:20:00.000000 UTC,0.65,18283,United Kingdom
560025,21733,RED HANGING HEART T-LIGHT HOLDER,1,2011-07-14 13:00:00.000000 UTC,2.95,18283,United Kingdom
541854,21068,VINTAGE BILLBOARD LOVE/HATE MUG,6,2011-01-23 14:58:00.000000 UTC,1.25,18283,United Kingdom
557956,22411,JUMBO SHOPPER VINTAGE RED PAISLEY,1,2011-06-23 19:20:00.000000 UTC,2.08,18283,United Kingdom
557956,20724,RED RETROSPOT CHARLOTTE BAG,1,2011-06-23 19:20:00.000000 UTC,0.85,18283,United Kingdom
557956,21982,PACK OF 12 SUKI TISSUES ,2,2011-06-23 19:20:00.000000 UTC,0.29,18283,United Kingdom
557956,20719,WOODLAND CHARLOTTE BAG,1,2011-06-23 19:20:00.000000 UTC,0.85,18283,United Kingdom
557956,21558,SKULL LUNCH BOX WITH CUTLERY ,1,2011-06-23 19:20:00.000000 UTC,2.55,18283,United Kingdom
557956,23205,CHARLOTTE BAG VINTAGE ALPHABET ,1,2011-06-23 19:20:00.000000 UTC,0.85,18283,United Kingdom
560025,21982,PACK OF 12 SUKI TISSUES ,1,2011-07-14 13:00:00.000000 UTC,0.29,18283,United Kingdom
541854,20719,WOODLAND CHARLOTTE BAG,1,2011-01-23 14:58:00.000000 UTC,0.85,18283,United Kingdom
560025,22328,ROUND SNACK BOXES SET OF 4 FRUITS ,1,2011-07-14 13:00:00.000000 UTC,2.95,18283,United Kingdom
560025,23206,LUNCH BAG APPLE DESIGN,1,2011-07-14 13:00:00.000000 UTC,1.65,18283,United Kingdom
541854,22666,RECIPE BOX PANTRY YELLOW DESIGN,1,2011-01-23 14:58:00.000000 UTC,2.95,18283,United Kingdom
560025,23209,LUNCH BAG DOILEY PATTERN ,1,2011-07-14 13:00:00.000000 UTC,1.65,18283,United Kingdom
557956,22386,JUMBO BAG PINK POLKADOT,2,2011-06-23 19:20:00.000000 UTC,2.08,18283,United Kingdom
560025,20724,RED RETROSPOT CHARLOTTE BAG,2,2011-07-14 13:00:00.000000 UTC,0.85,18283,United Kingdom
557956,22439,6 ROCKET BALLOONS ,1,2011-06-23 19:20:00.000000 UTC,0.65,18283,United Kingdom
541854,22147,FELTCRAFT BUTTERFLY HEARTS,1,2011-01-23 14:58:00.000000 UTC,1.45,18283,United Kingdom
557956,22030,SWALLOWS GREETING CARD,12,2011-06-23 19:20:00.000000 UTC,0.42,18283,United Kingdom
557956,85099F,JUMBO BAG STRAWBERRY,1,2011-06-23 19:20:00.000000 UTC,2.08,18283,United Kingdom
560025,20727,LUNCH BAG  BLACK SKULL.,1,2011-07-14 13:00:00.000000 UTC,1.65,18283,United Kingdom
560025,23200,JUMBO BAG PEARS,1,2011-07-14 13:00:00.000000 UTC,2.08,18283,United Kingdom
560025,23240,SET OF 4 KNICK KNACK TINS DOILEY ,2,2011-07-14 13:00:00.000000 UTC,4.15,18283,United Kingdom
541854,85150,LADIES & GENTLEMEN METAL SIGN,1,2011-01-23 14:58:00.000000 UTC,2.55,18283,United Kingdom
560025,22553,PLASTERS IN TIN SKULLS,2,2011-07-14 13:00:00.000000 UTC,1.65,18283,United Kingdom
560025,20719,WOODLAND CHARLOTTE BAG,1,2011-07-14 13:00:00.000000 UTC,0.85,18283,United Kingdom
560025,22554,PLASTERS IN TIN WOODLAND ANIMALS,2,2011-07-14 13:00:00.000000 UTC,1.65,18283,United Kingdom
560025,85123A,WHITE HANGING HEART T-LIGHT HOLDER,1,2011-07-14 13:00:00.000000 UTC,2.95,18283,United Kingdom
560025,20725,LUNCH BAG RED RETROSPOT,1,2011-07-14 13:00:00.000000 UTC,1.65,18283,United Kingdom
541854,84997C,BLUE 3 PIECE POLKADOT CUTLERY SET,1,2011-01-23 14:58:00.000000 UTC,3.75,18283,United Kingdom
541854,22748,POPPY'S PLAYHOUSE KITCHEN,1,2011-01-23 14:58:00.000000 UTC,2.1,18283,United Kingdom
540350,20718,RED RETROSPOT SHOPPER BAG,1,2011-01-06 14:14:00.000000 UTC,1.25,18283,United Kingdom
580872,23204,CHARLOTTE BAG APPLES DESIGN,3,2011-12-06 12:02:00.000000 UTC,0.85,18283,United Kingdom
545079,22168,ORGANISER WOOD ANTIQUE WHITE ,1,2011-02-28 10:30:00.000000 UTC,8.5,18283,United Kingdom
541854,22553,PLASTERS IN TIN SKULLS,1,2011-01-23 14:58:00.000000 UTC,1.65,18283,United Kingdom
541854,21826,EIGHT PIECE DINOSAUR SET,1,2011-01-23 14:58:00.000000 UTC,1.25,18283,United Kingdom
545079,22148,EASTER CRAFT 4 CHICKS ,2,2011-02-28 10:30:00.000000 UTC,1.95,18283,United Kingdom
545079,22386,JUMBO BAG PINK POLKADOT,1,2011-02-28 10:30:00.000000 UTC,1.95,18283,United Kingdom
545079,22021,BLUE FELT EASTER EGG BASKET,2,2011-02-28 10:30:00.000000 UTC,1.65,18283,United Kingdom
545079,22747,POPPY'S PLAYHOUSE BATHROOM,1,2011-02-28 10:30:00.000000 UTC,2.1,18283,United Kingdom
580872,20726,LUNCH BAG WOODLAND,3,2011-12-06 12:02:00.000000 UTC,1.65,18283,United Kingdom
540350,22417,PACK OF 60 SPACEBOY CAKE CASES,1,2011-01-06 14:14:00.000000 UTC,0.55,18283,United Kingdom
579673,20724,RED RETROSPOT CHARLOTTE BAG,2,2011-11-30 12:59:00.000000 UTC,0.85,18283,United Kingdom
579673,23581,JUMBO BAG PAISLEY PARK,3,2011-11-30 12:59:00.000000 UTC,2.08,18283,United Kingdom
550957,21175,GIN + TONIC DIET METAL SIGN,1,2011-04-21 16:37:00.000000 UTC,2.55,18283,United Kingdom
540350,22855,FINE WICKER HEART ,1,2011-01-06 14:14:00.000000 UTC,1.25,18283,United Kingdom
545079,22754,SMALL RED BABUSHKA NOTEBOOK ,2,2011-02-28 10:30:00.000000 UTC,0.85,18283,United Kingdom
540350,22749,FELTCRAFT PRINCESS CHARLOTTE DOLL,1,2011-01-06 14:14:00.000000 UTC,3.75,18283,United Kingdom
580872,23581,JUMBO BAG PAISLEY PARK,3,2011-12-06 12:02:00.000000 UTC,2.08,18283,United Kingdom
540350,20727,LUNCH BAG  BLACK SKULL.,1,2011-01-06 14:14:00.000000 UTC,1.65,18283,United Kingdom
540350,82580,BATHROOM METAL SIGN,1,2011-01-06 14:14:00.000000 UTC,0.55,18283,United Kingdom
540350,21868,POTTING SHED TEA MUG,1,2011-01-06 14:14:00.000000 UTC,1.25,18283,United Kingdom
580872,22384,LUNCH BAG PINK POLKADOT,3,2011-12-06 12:02:00.000000 UTC,1.65,18283,United Kingdom
550957,22754,SMALL RED BABUSHKA NOTEBOOK ,1,2011-04-21 16:37:00.000000 UTC,0.85,18283,United Kingdom
550957,21975,PACK OF 60 DINOSAUR CAKE CASES,3,2011-04-21 16:37:00.000000 UTC,0.55,18283,United Kingdom
550957,22753,SMALL YELLOW BABUSHKA NOTEBOOK ,1,2011-04-21 16:37:00.000000 UTC,0.85,18283,United Kingdom
560025,22418,10 COLOUR SPACEBOY PEN,10,2011-07-14 13:00:00.000000 UTC,0.85,18283,United Kingdom
541854,21828,EIGHT PIECE SNAKE  SET,1,2011-01-23 14:58:00.000000 UTC,1.25,18283,United Kingdom
560025,21930,JUMBO STORAGE BAG SKULLS,2,2011-07-14 13:00:00.000000 UTC,2.08,18283,United Kingdom
540350,21931,JUMBO STORAGE BAG SUKI,2,2011-01-06 14:14:00.000000 UTC,1.95,18283,United Kingdom
560025,22077,6 RIBBONS RUSTIC CHARM,1,2011-07-14 13:00:00.000000 UTC,1.65,18283,United Kingdom
540350,22644,CERAMIC CHERRY CAKE MONEY BANK,1,2011-01-06 14:14:00.000000 UTC,1.45,18283,United Kingdom
560025,22975,SPACEBOY CHILDRENS EGG CUP,1,2011-07-14 13:00:00.000000 UTC,1.25,18283,United Kingdom
560025,22356,CHARLOTTE BAG PINK POLKADOT,1,2011-07-14 13:00:00.000000 UTC,0.85,18283,United Kingdom
550957,22413,METAL SIGN TAKE IT OR LEAVE IT ,1,2011-04-21 16:37:00.000000 UTC,2.95,18283,United Kingdom
550957,22755,SMALL PURPLE BABUSHKA NOTEBOOK ,1,2011-04-21 16:37:00.000000 UTC,0.85,18283,United Kingdom
550957,21169,YOU'RE CONFUSING ME METAL SIGN ,1,2011-04-21 16:37:00.000000 UTC,1.69,18283,United Kingdom
545079,21717,EASTER TIN BUCKET,2,2011-02-28 10:30:00.000000 UTC,2.55,18283,United Kingdom
560025,84755,COLOUR GLASS T-LIGHT HOLDER HANGING,8,2011-07-14 13:00:00.000000 UTC,0.65,18283,United Kingdom
550957,20719,WOODLAND CHARLOTTE BAG,1,2011-04-21 16:37:00.000000 UTC,0.85,18283,United Kingdom
550957,22897,OVEN MITT APPLES DESIGN,2,2011-04-21 16:37:00.000000 UTC,1.45,18283,United Kingdom
550957,21976,PACK OF 60 MUSHROOM CAKE CASES,3,2011-04-21 16:37:00.000000 UTC,0.55,18283,United Kingdom
545079,85206A,CREAM FELT EASTER EGG BASKET,1,2011-02-28 10:30:00.000000 UTC,1.65,18283,United Kingdom
541854,21870,I CAN ONLY PLEASE ONE PERSON MUG,6,2011-01-23 14:58:00.000000 UTC,1.25,18283,United Kingdom
545079,22755,SMALL PURPLE BABUSHKA NOTEBOOK ,2,2011-02-28 10:30:00.000000 UTC,0.85,18283,United Kingdom
541854,22586,FELTCRAFT HAIRBAND PINK AND BLUE,1,2011-01-23 14:58:00.000000 UTC,0.85,18283,United Kingdom
541854,21166,COOK WITH WINE METAL SIGN ,1,2011-01-23 14:58:00.000000 UTC,1.95,18283,United Kingdom
545079,22757,LARGE RED BABUSHKA NOTEBOOK ,2,2011-02-28 10:30:00.000000 UTC,1.25,18283,United Kingdom
541854,22753,SMALL YELLOW BABUSHKA NOTEBOOK ,1,2011-01-23 14:58:00.000000 UTC,0.85,18283,United Kingdom
557956,22620,4 TRADITIONAL SPINNING TOPS,2,2011-06-23 19:20:00.000000 UTC,1.45,18283,United Kingdom
557956,21931,JUMBO STORAGE BAG SUKI,1,2011-06-23 19:20:00.000000 UTC,2.08,18283,United Kingdom
557956,21891,TRADITIONAL WOODEN SKIPPING ROPE,2,2011-06-23 19:20:00.000000 UTC,1.45,18283,United Kingdom
545079,22383,LUNCH BAG SUKI DESIGN ,1,2011-02-28 10:30:00.000000 UTC,1.65,18283,United Kingdom
545079,21931,JUMBO STORAGE BAG SUKI,1,2011-02-28 10:30:00.000000 UTC,1.95,18283,United Kingdom
560025,22951,60 CAKE CASES DOLLY GIRL DESIGN,1,2011-07-14 13:00:00.000000 UTC,0.55,18283,United Kingdom
557956,23209,LUNCH BAG DOILEY PATTERN ,2,2011-06-23 19:20:00.000000 UTC,1.65,18283,United Kingdom
550957,20725,LUNCH BAG RED RETROSPOT,2,2011-04-21 16:37:00.000000 UTC,1.65,18283,United Kingdom
541854,21874,GIN AND TONIC MUG,3,2011-01-23 14:58:00.000000 UTC,1.25,18283,United Kingdom
560025,21967,PACK OF 12 SKULL TISSUES,2,2011-07-14 13:00:00.000000 UTC,0.29,18283,United Kingdom
540350,22356,CHARLOTTE BAG PINK POLKADOT,1,2011-01-06 14:14:00.000000 UTC,0.85,18283,United Kingdom
557956,22355,CHARLOTTE BAG SUKI DESIGN,1,2011-06-23 19:20:00.000000 UTC,0.85,18283,United Kingdom
541854,22933,BAKING MOULD EASTER EGG MILK CHOC,1,2011-01-23 14:58:00.000000 UTC,2.95,18283,United Kingdom
557956,20719,WOODLAND CHARLOTTE BAG,1,2011-06-23 19:20:00.000000 UTC,0.85,18283,United Kingdom
560025,20886,BOX OF 9 PEBBLE CANDLES,1,2011-07-14 13:00:00.000000 UTC,1.95,18283,United Kingdom
540350,22271,FELTCRAFT DOLL ROSIE,1,2011-01-06 14:14:00.000000 UTC,2.95,18283,United Kingdom
540350,22383,LUNCH BAG SUKI  DESIGN ,1,2011-01-06 14:14:00.000000 UTC,1.65,18283,United Kingdom
550957,20728,LUNCH BAG CARS BLUE,2,2011-04-21 16:37:00.000000 UTC,1.65,18283,United Kingdom
565579,21975,PACK OF 60 DINOSAUR CAKE CASES,1,2011-09-05 12:35:00.000000 UTC,0.55,18283,United Kingdom
545079,22745,POPPY'S PLAYHOUSE BEDROOM ,1,2011-02-28 10:30:00.000000 UTC,2.1,18283,United Kingdom
560025,22661,CHARLOTTE BAG DOLLY GIRL DESIGN,2,2011-07-14 13:00:00.000000 UTC,0.85,18283,United Kingdom
557956,20712,JUMBO BAG WOODLAND ANIMALS,1,2011-06-23 19:20:00.000000 UTC,2.08,18283,United Kingdom
557956,23207,LUNCH BAG ALPHABET DESIGN,2,2011-06-23 19:20:00.000000 UTC,1.65,18283,United Kingdom
557956,85099B,JUMBO BAG RED RETROSPOT,2,2011-06-23 19:20:00.000000 UTC,2.08,18283,United Kingdom
540350,21907,I'M ON HOLIDAY METAL SIGN,1,2011-01-06 14:14:00.000000 UTC,2.1,18283,United Kingdom
545079,21319,GLASS CHALICE GREEN  SMALL ,2,2011-02-28 10:30:00.000000 UTC,1.65,18283,United Kingdom
541854,22649,STRAWBERRY FAIRY CAKE TEAPOT,1,2011-01-23 14:58:00.000000 UTC,4.95,18283,United Kingdom
541854,84755,COLOUR GLASS T-LIGHT HOLDER HANGING,8,2011-01-23 14:58:00.000000 UTC,0.65,18283,United Kingdom
540350,84380,SET OF 3 BUTTERFLY COOKIE CUTTERS,1,2011-01-06 14:14:00.000000 UTC,1.25,18283,United Kingdom
545079,22384,LUNCH BAG PINK POLKADOT,1,2011-02-28 10:30:00.000000 UTC,1.65,18283,United Kingdom
550957,21928,JUMBO BAG SCANDINAVIAN BLUE PAISLEY,1,2011-04-21 16:37:00.000000 UTC,2.08,18283,United Kingdom
540350,20717,STRAWBERRY SHOPPER BAG,1,2011-01-06 14:14:00.000000 UTC,1.25,18283,United Kingdom
565579,20727,LUNCH BAG  BLACK SKULL.,3,2011-09-05 12:35:00.000000 UTC,1.65,18283,United Kingdom
550957,21982,PACK OF 12 SUKI TISSUES ,2,2011-04-21 16:37:00.000000 UTC,0.29,18283,United Kingdom
550957,22197,SMALL POPCORN HOLDER,4,2011-04-21 16:37:00.000000 UTC,0.85,18283,United Kingdom
545079,22758,LARGE PURPLE BABUSHKA NOTEBOOK  ,2,2011-02-28 10:30:00.000000 UTC,1.25,18283,United Kingdom
560025,22326,ROUND SNACK BOXES SET OF4 WOODLAND ,1,2011-07-14 13:00:00.000000 UTC,2.95,18283,United Kingdom
550957,22386,JUMBO BAG PINK POLKADOT,2,2011-04-21 16:37:00.000000 UTC,2.08,18283,United Kingdom
560025,21975,PACK OF 60 DINOSAUR CAKE CASES,2,2011-07-14 13:00:00.000000 UTC,0.55,18283,United Kingdom
560025,22663,JUMBO BAG DOLLY GIRL DESIGN,1,2011-07-14 13:00:00.000000 UTC,2.08,18283,United Kingdom
565579,22386,JUMBO BAG PINK POLKADOT,2,2011-09-05 12:35:00.000000 UTC,2.08,18283,United Kingdom
550957,23199,JUMBO BAG APPLES,1,2011-04-21 16:37:00.000000 UTC,2.08,18283,United Kingdom
560025,23209,LUNCH BAG DOILEY PATTERN ,1,2011-07-14 13:00:00.000000 UTC,1.65,18283,United Kingdom
560025,23296,SET OF 6 TEA TIME BAKING CASES,1,2011-07-14 13:00:00.000000 UTC,1.25,18283,United Kingdom
565579,23308,SET OF 60 VINTAGE LEAF CAKE CASES ,1,2011-09-05 12:35:00.000000 UTC,0.55,18283,United Kingdom
550957,M,Manual,1,2011-04-21 16:37:00.000000 UTC,1.95,18283,United Kingdom
565579,22356,CHARLOTTE BAG PINK POLKADOT,2,2011-09-05 12:35:00.000000 UTC,0.85,18283,United Kingdom
565579,22578,WOODEN STAR CHRISTMAS SCANDINAVIAN,3,2011-09-05 12:35:00.000000 UTC,0.85,18283,United Kingdom
579673,22418,10 COLOUR SPACEBOY PEN,12,2011-11-30 12:59:00.000000 UTC,0.85,18283,United Kingdom
550957,21154,RED RETROSPOT OVEN GLOVE ,2,2011-04-21 16:37:00.000000 UTC,1.25,18283,United Kingdom
565579,23207,LUNCH BAG ALPHABET DESIGN,2,2011-09-05 12:35:00.000000 UTC,1.65,18283,United Kingdom
541854,84997D,PINK 3 PIECE POLKADOT CUTLERY SET,1,2011-01-23 14:58:00.000000 UTC,3.75,18283,United Kingdom
550957,22383,LUNCH BAG SUKI DESIGN ,2,2011-04-21 16:37:00.000000 UTC,1.65,18283,United Kingdom
550957,21213,PACK OF 72 SKULL CAKE CASES,1,2011-04-21 16:37:00.000000 UTC,0.55,18283,United Kingdom
550957,22662,LUNCH BAG DOLLY GIRL DESIGN,2,2011-04-21 16:37:00.000000 UTC,1.65,18283,United Kingdom
550957,22417,PACK OF 60 SPACEBOY CAKE CASES,3,2011-04-21 16:37:00.000000 UTC,0.55,18283,United Kingdom
565579,22384,LUNCH BAG PINK POLKADOT,2,2011-09-05 12:35:00.000000 UTC,1.65,18283,United Kingdom
550957,21232,STRAWBERRY CERAMIC TRINKET BOX,4,2011-04-21 16:37:00.000000 UTC,1.25,18283,United Kingdom
554157,47559B,TEA TIME OVEN GLOVE,1,2011-05-23 11:33:00.000000 UTC,1.25,18283,United Kingdom
550957,22385,JUMBO BAG SPACEBOY DESIGN,1,2011-04-21 16:37:00.000000 UTC,2.08,18283,United Kingdom
565579,22383,LUNCH BAG SUKI DESIGN ,2,2011-09-05 12:35:00.000000 UTC,1.65,18283,United Kingdom
550957,21907,I'M ON HOLIDAY METAL SIGN,1,2011-04-21 16:37:00.000000 UTC,2.1,18283,United Kingdom
565579,20725,LUNCH BAG RED RETROSPOT,2,2011-09-05 12:35:00.000000 UTC,1.65,18283,United Kingdom
565579,20719,WOODLAND CHARLOTTE BAG,2,2011-09-05 12:35:00.000000 UTC,0.85,18283,United Kingdom
540350,20726,LUNCH BAG WOODLAND,1,2011-01-06 14:14:00.000000 UTC,1.65,18283,United Kingdom
550957,22356,CHARLOTTE BAG PINK POLKADOT,1,2011-04-21 16:37:00.000000 UTC,0.85,18283,United Kingdom
565579,22417,PACK OF 60 SPACEBOY CAKE CASES,1,2011-09-05 12:35:00.000000 UTC,0.55,18283,United Kingdom
554157,22379,RECYCLING BAG RETROSPOT ,2,2011-05-23 11:33:00.000000 UTC,2.1,18283,United Kingdom
565579,22661,CHARLOTTE BAG DOLLY GIRL DESIGN,3,2011-09-05 12:35:00.000000 UTC,0.85,18283,United Kingdom
550957,21908,CHOCOLATE THIS WAY METAL SIGN,1,2011-04-21 16:37:00.000000 UTC,2.1,18283,United Kingdom
565579,23296,SET OF 6 TEA TIME BAKING CASES,4,2011-09-05 12:35:00.000000 UTC,1.25,18283,United Kingdom
554157,23204,CHARLOTTE BAG APPLES DESIGN,3,2011-05-23 11:33:00.000000 UTC,0.85,18283,United Kingdom
541854,47559B,TEA TIME OVEN GLOVE,1,2011-01-23 14:58:00.000000 UTC,1.25,18283,United Kingdom
554157,20723,STRAWBERRY CHARLOTTE BAG,2,2011-05-23 11:33:00.000000 UTC,0.85,18283,United Kingdom
579673,20726,LUNCH BAG WOODLAND,1,2011-11-30 12:59:00.000000 UTC,1.65,18283,United Kingdom
554157,23208,LUNCH BAG VINTAGE LEAF DESIGN,1,2011-05-23 11:33:00.000000 UTC,1.65,18283,United Kingdom
579673,23208,LUNCH BAG VINTAGE LEAF DESIGN,1,2011-11-30 12:59:00.000000 UTC,1.65,18283,United Kingdom
554157,22663,JUMBO BAG DOLLY GIRL DESIGN,1,2011-05-23 11:33:00.000000 UTC,2.08,18283,United Kingdom
580872,22356,CHARLOTTE BAG PINK POLKADOT,3,2011-12-06 12:02:00.000000 UTC,0.85,18283,United Kingdom
540350,21156,RETROSPOT CHILDRENS APRON,2,2011-01-06 14:14:00.000000 UTC,1.95,18283,United Kingdom
579673,20727,LUNCH BAG  BLACK SKULL.,2,2011-11-30 12:59:00.000000 UTC,1.65,18283,United Kingdom
565579,23206,LUNCH BAG APPLE DESIGN,3,2011-09-05 12:35:00.000000 UTC,1.65,18283,United Kingdom
554157,20726,LUNCH BAG WOODLAND,1,2011-05-23 11:33:00.000000 UTC,1.65,18283,United Kingdom
541854,22756,LARGE YELLOW BABUSHKA NOTEBOOK ,1,2011-01-23 14:58:00.000000 UTC,1.25,18283,United Kingdom
554157,85099F,JUMBO BAG STRAWBERRY,1,2011-05-23 11:33:00.000000 UTC,2.08,18283,United Kingdom
554157,20719,WOODLAND CHARLOTTE BAG,2,2011-05-23 11:33:00.000000 UTC,0.85,18283,United Kingdom
554157,20728,LUNCH BAG CARS BLUE,2,2011-05-23 11:33:00.000000 UTC,1.65,18283,United Kingdom
554157,47580,TEA TIME DES TEA COSY,1,2011-05-23 11:33:00.000000 UTC,2.55,18283,United Kingdom
579673,22661,CHARLOTTE BAG DOLLY GIRL DESIGN,1,2011-11-30 12:59:00.000000 UTC,0.85,18283,United Kingdom
554157,21155,RED RETROSPOT PEG BAG,1,2011-05-23 11:33:00.000000 UTC,2.55,18283,United Kingdom
579673,23209,LUNCH BAG VINTAGE DOILY ,1,2011-11-30 12:59:00.000000 UTC,1.65,18283,United Kingdom
554157,23201,JUMBO BAG ALPHABET,1,2011-05-23 11:33:00.000000 UTC,2.08,18283,United Kingdom
560025,22662,LUNCH BAG DOLLY GIRL DESIGN,1,2011-07-14 13:00:00.000000 UTC,1.65,18283,United Kingdom
554157,21155,RED RETROSPOT PEG BAG,1,2011-05-23 11:33:00.000000 UTC,2.55,18283,United Kingdom
557956,20979,36 PENCILS TUBE RED RETROSPOT,2,2011-06-23 19:20:00.000000 UTC,1.25,18283,United Kingdom
540350,22654,DELUXE SEWING KIT ,1,2011-01-06 14:14:00.000000 UTC,5.95,18283,United Kingdom
557956,22753,SMALL YELLOW BABUSHKA NOTEBOOK ,3,2011-06-23 19:20:00.000000 UTC,0.85,18283,United Kingdom
541854,22758,LARGE PURPLE BABUSHKA NOTEBOOK  ,1,2011-01-23 14:58:00.000000 UTC,1.25,18283,United Kingdom
565579,22951,60 CAKE CASES DOLLY GIRL DESIGN,1,2011-09-05 12:35:00.000000 UTC,0.55,18283,United Kingdom
554157,20726,LUNCH BAG WOODLAND,2,2011-05-23 11:33:00.000000 UTC,1.65,18283,United Kingdom
554157,20728,LUNCH BAG CARS BLUE,1,2011-05-23 11:33:00.000000 UTC,1.65,18283,United Kingdom
541854,20728,LUNCH BAG CARS BLUE,1,2011-01-23 14:58:00.000000 UTC,1.65,18283,United Kingdom
554157,23202,JUMBO BAG VINTAGE LEAF,1,2011-05-23 11:33:00.000000 UTC,2.08,18283,United Kingdom
554157,23208,LUNCH BAG VINTAGE LEAF DESIGN,1,2011-05-23 11:33:00.000000 UTC,1.65,18283,United Kingdom
565579,22581,WOOD STOCKING CHRISTMAS SCANDISPOT,3,2011-09-05 12:35:00.000000 UTC,0.85,18283,United Kingdom
541854,85099F,JUMBO BAG STRAWBERRY,1,2011-01-23 14:58:00.000000 UTC,1.95,18283,United Kingdom
565579,22065,CHRISTMAS PUDDING TRINKET POT ,2,2011-09-05 12:35:00.000000 UTC,1.45,18283,United Kingdom
554157,20724,RED RETROSPOT CHARLOTTE BAG,2,2011-05-23 11:33:00.000000 UTC,0.85,18283,United Kingdom
565579,20728,LUNCH BAG CARS BLUE,2,2011-09-05 12:35:00.000000 UTC,1.65,18283,United Kingdom
554157,22662,LUNCH BAG DOLLY GIRL DESIGN,2,2011-05-23 11:33:00.000000 UTC,1.65,18283,United Kingdom
565579,22577,WOODEN HEART CHRISTMAS SCANDINAVIAN,3,2011-09-05 12:35:00.000000 UTC,0.85,18283,United Kingdom
554157,22384,LUNCH BAG PINK POLKADOT,1,2011-05-23 11:33:00.000000 UTC,1.65,18283,United Kingdom
579673,22899,CHILDREN'S APRON DOLLY GIRL ,2,2011-11-30 12:59:00.000000 UTC,2.1,18283,United Kingdom
579673,22662,LUNCH BAG DOLLY GIRL DESIGN,1,2011-11-30 12:59:00.000000 UTC,1.65,18283,United Kingdom
579673,21156,RETROSPOT CHILDRENS APRON,2,2011-11-30 12:59:00.000000 UTC,1.95,18283,United Kingdom
575668,22731,3D CHRISTMAS STAMPS STICKERS ,1,2011-11-10 14:59:00.000000 UTC,1.25,18283,United Kingdom
579673,85099B,JUMBO BAG RED RETROSPOT,3,2011-11-30 12:59:00.000000 UTC,2.08,18283,United Kingdom
579673,23582,VINTAGE DOILY JUMBO BAG RED ,3,2011-11-30 12:59:00.000000 UTC,2.08,18283,United Kingdom
580872,22616,PACK OF 12 LONDON TISSUES ,2,2011-12-06 12:02:00.000000 UTC,0.39,18283,United Kingdom
579673,20726,LUNCH BAG WOODLAND,2,2011-11-30 12:59:00.000000 UTC,1.65,18283,United Kingdom
579673,21930,JUMBO STORAGE BAG SKULLS,3,2011-11-30 12:59:00.000000 UTC,2.08,18283,United Kingdom
579673,47591D,PINK FAIRY CAKE CHILDRENS APRON,2,2011-11-30 12:59:00.000000 UTC,1.95,18283,United Kingdom
580872,20717,STRAWBERRY SHOPPER BAG,1,2011-12-06 12:02:00.000000 UTC,1.25,18283,United Kingdom
579673,22662,LUNCH BAG DOLLY GIRL DESIGN,2,2011-11-30 12:59:00.000000 UTC,1.65,18283,United Kingdom
580872,22355,CHARLOTTE BAG SUKI DESIGN,3,2011-12-06 12:02:00.000000 UTC,0.85,18283,United Kingdom
580872,23379,PACK OF 12 RED APPLE TISSUES,2,2011-12-06 12:02:00.000000 UTC,0.39,18283,United Kingdom
557956,84997D,CHILDRENS CUTLERY POLKADOT PINK,1,2011-06-23 19:20:00.000000 UTC,4.15,18283,United Kingdom
557956,23201,JUMBO BAG ALPHABET,2,2011-06-23 19:20:00.000000 UTC,2.08,18283,United Kingdom
557956,20719,WOODLAND CHARLOTTE BAG,1,2011-06-23 19:20:00.000000 UTC,0.85,18283,United Kingdom
580872,20724,RED RETROSPOT CHARLOTTE BAG,3,2011-12-06 12:02:00.000000 UTC,0.85,18283,United Kingdom
580872,20725,LUNCH BAG RED RETROSPOT,3,2011-12-06 12:02:00.000000 UTC,1.65,18283,United Kingdom
580872,22662,LUNCH BAG DOLLY GIRL DESIGN,3,2011-12-06 12:02:00.000000 UTC,1.65,18283,United Kingdom
580872,21967,PACK OF 12 SKULL TISSUES,2,2011-12-06 12:02:00.000000 UTC,0.39,18283,United Kingdom
580872,23203,JUMBO BAG VINTAGE DOILY ,3,2011-12-06 12:02:00.000000 UTC,2.08,18283,United Kingdom
580872,20718,RED RETROSPOT SHOPPER BAG,1,2011-12-06 12:02:00.000000 UTC,1.25,18283,United Kingdom
557956,22383,LUNCH BAG SUKI DESIGN ,1,2011-06-23 19:20:00.000000 UTC,1.65,18283,United Kingdom
557956,23203,JUMBO BAG DOILEY PATTERNS,3,2011-06-23 19:20:00.000000 UTC,2.08,18283,United Kingdom
557956,47559B,TEA TIME OVEN GLOVE,1,2011-06-23 19:20:00.000000 UTC,1.25,18283,United Kingdom
557956,21967,PACK OF 12 SKULL TISSUES,2,2011-06-23 19:20:00.000000 UTC,0.29,18283,United Kingdom
541854,85152,HAND OVER THE CHOCOLATE   SIGN ,1,2011-01-23 14:58:00.000000 UTC,2.1,18283,United Kingdom
541854,22386,JUMBO BAG PINK POLKADOT,1,2011-01-23 14:58:00.000000 UTC,1.95,18283,United Kingdom
540350,22457,NATURAL SLATE HEART CHALKBOARD ,1,2011-01-06 14:14:00.000000 UTC,2.95,18283,United Kingdom
541854,22355,CHARLOTTE BAG SUKI DESIGN,1,2011-01-23 14:58:00.000000 UTC,0.85,18283,United Kingdom
557956,22386,JUMBO BAG PINK POLKADOT,1,2011-06-23 19:20:00.000000 UTC,2.08,18283,United Kingdom
545079,22139,RETROSPOT TEA SET CERAMIC 11 PC ,1,2011-02-28 10:30:00.000000 UTC,4.95,18283,United Kingdom
557956,23308,SET OF 60 VINTAGE LEAF CAKE CASES ,1,2011-06-23 19:20:00.000000 UTC,0.55,18283,United Kingdom
565579,21874,GIN AND TONIC MUG,3,2011-09-05 12:35:00.000000 UTC,1.65,18283,United Kingdom
550957,21981,PACK OF 12 WOODLAND TISSUES ,2,2011-04-21 16:37:00.000000 UTC,0.29,18283,United Kingdom
550957,21614,SET OF 12 ROSE BOTANICAL T-LIGHTS,2,2011-04-21 16:37:00.000000 UTC,2.95,18283,United Kingdom
580872,23200,JUMBO BAG PEARS,3,2011-12-06 12:02:00.000000 UTC,2.08,18283,United Kingdom
580872,23378,PACK OF 12 50'S CHRISTMAS TISSUES,2,2011-12-06 12:02:00.000000 UTC,0.39,18283,United Kingdom
580872,20723,STRAWBERRY CHARLOTTE BAG,3,2011-12-06 12:02:00.000000 UTC,0.85,18283,United Kingdom
580872,23582,VINTAGE DOILY JUMBO BAG RED ,3,2011-12-06 12:02:00.000000 UTC,2.08,18283,United Kingdom
580872,21931,JUMBO STORAGE BAG SUKI,3,2011-12-06 12:02:00.000000 UTC,2.08,18283,United Kingdom
580872,85099F,JUMBO BAG STRAWBERRY,3,2011-12-06 12:02:00.000000 UTC,2.08,18283,United Kingdom
580872,23583,LUNCH BAG PAISLEY PARK  ,3,2011-12-06 12:02:00.000000 UTC,1.65,18283,United Kingdom
580872,23208,LUNCH BAG VINTAGE LEAF DESIGN,3,2011-12-06 12:02:00.000000 UTC,1.65,18283,United Kingdom
580872,23209,LUNCH BAG VINTAGE DOILY ,3,2011-12-06 12:02:00.000000 UTC,1.65,18283,United Kingdom
580872,22383,LUNCH BAG SUKI DESIGN ,3,2011-12-06 12:02:00.000000 UTC,1.65,18283,United Kingdom
580872,23376,PACK OF 12 VINTAGE CHRISTMAS TISSUE,2,2011-12-06 12:02:00.000000 UTC,0.39,18283,United Kingdom
580872,21985,PACK OF 12 HEARTS DESIGN TISSUES ,2,2011-12-06 12:02:00.000000 UTC,0.39,18283,United Kingdom
580872,23681,LUNCH BAG RED VINTAGE DOILY,3,2011-12-06 12:02:00.000000 UTC,1.65,18283,United Kingdom
580872,20727,LUNCH BAG  BLACK SKULL.,3,2011-12-06 12:02:00.000000 UTC,1.65,18283,United Kingdom
565579,23344,JUMBO BAG 50'S CHRISTMAS ,2,2011-09-05 12:35:00.000000 UTC,2.08,18283,United Kingdom
580872,22386,JUMBO BAG PINK POLKADOT,3,2011-12-06 12:02:00.000000 UTC,2.08,18283,United Kingdom
580872,22661,CHARLOTTE BAG DOLLY GIRL DESIGN,3,2011-12-06 12:02:00.000000 UTC,0.85,18283,United Kingdom
579673,23206,LUNCH BAG APPLE DESIGN,2,2011-11-30 12:59:00.000000 UTC,1.65,18283,United Kingdom
578262,84992,72 SWEETHEART FAIRY CAKE CASES,2,2011-11-23 13:27:00.000000 UTC,0.55,18283,United Kingdom
580872,23551,PACK OF 12 PAISLEY PARK TISSUES ,2,2011-12-06 12:02:00.000000 UTC,0.39,18283,United Kingdom
578262,21976,PACK OF 60 MUSHROOM CAKE CASES,4,2011-11-23 13:27:00.000000 UTC,0.55,18283,United Kingdom
565579,23205,CHARLOTTE BAG VINTAGE ALPHABET ,2,2011-09-05 12:35:00.000000 UTC,0.85,18283,United Kingdom
573093,23378,PACK OF 12 50'S CHRISTMAS TISSUES,3,2011-10-27 14:38:00.000000 UTC,0.39,18283,United Kingdom
573093,22736,RIBBON REEL MAKING SNOWMEN ,1,2011-10-27 14:38:00.000000 UTC,1.65,18283,United Kingdom
554157,37447,CERAMIC CAKE DESIGN SPOTTED PLATE,3,2011-05-23 11:33:00.000000 UTC,1.49,18283,United Kingdom
557956,85123A,WHITE HANGING HEART T-LIGHT HOLDER,1,2011-06-23 19:20:00.000000 UTC,2.95,18283,United Kingdom
550957,22899,CHILDREN'S APRON DOLLY GIRL ,1,2011-04-21 16:37:00.000000 UTC,2.1,18283,United Kingdom
573093,22554,PLASTERS IN TIN WOODLAND ANIMALS,2,2011-10-27 14:38:00.000000 UTC,1.65,18283,United Kingdom
557956,23307,SET OF 60 PANTRY DESIGN CAKE CASES ,1,2011-06-23 19:20:00.000000 UTC,0.55,18283,United Kingdom
573093,23438, RED SPOT GIFT BAG LARGE,1,2011-10-27 14:38:00.000000 UTC,1.25,18283,United Kingdom
573093,23349,ROLL WRAP VINTAGE CHRISTMAS,2,2011-10-27 14:38:00.000000 UTC,1.25,18283,United Kingdom
573093,21791,VINTAGE HEADS AND TAILS CARD GAME ,1,2011-10-27 14:38:00.000000 UTC,1.25,18283,United Kingdom
573093,23353,6 GIFT TAGS VINTAGE CHRISTMAS ,1,2011-10-27 14:38:00.000000 UTC,0.83,18283,United Kingdom
573093,23344,JUMBO BAG 50'S CHRISTMAS ,5,2011-10-27 14:38:00.000000 UTC,2.08,18283,United Kingdom
556731,23206,LUNCH BAG APPLE DESIGN,2,2011-06-14 11:41:00.000000 UTC,1.65,18283,United Kingdom
573093,23353,6 GIFT TAGS VINTAGE CHRISTMAS ,1,2011-10-27 14:38:00.000000 UTC,0.83,18283,United Kingdom
556731,85123A,WHITE HANGING HEART T-LIGHT HOLDER,6,2011-06-14 11:41:00.000000 UTC,2.95,18283,United Kingdom
573093,23374,RED SPOT PAPER GIFT BAG,1,2011-10-27 14:38:00.000000 UTC,0.82,18283,United Kingdom
556731,23235,STORAGE TIN VINTAGE LEAF,1,2011-06-14 11:41:00.000000 UTC,2.89,18283,United Kingdom
573093,21790,VINTAGE SNAP CARDS,1,2011-10-27 14:38:00.000000 UTC,0.85,18283,United Kingdom
556731,23203,JUMBO BAG DOILEY PATTERNS,2,2011-06-14 11:41:00.000000 UTC,2.08,18283,United Kingdom
575668,20725,LUNCH BAG RED RETROSPOT,1,2011-11-10 14:59:00.000000 UTC,1.65,18283,United Kingdom
556731,23209,LUNCH BAG DOILEY PATTERN ,2,2011-06-14 11:41:00.000000 UTC,1.65,18283,United Kingdom
573093,22960,JAM MAKING SET WITH JARS,1,2011-10-27 14:38:00.000000 UTC,4.25,18283,United Kingdom
573093,22625,RED KITCHEN SCALES,1,2011-10-27 14:38:00.000000 UTC,8.5,18283,United Kingdom
573093,23354,6 GIFT TAGS 50'S CHRISTMAS ,1,2011-10-27 14:38:00.000000 UTC,0.83,18283,United Kingdom
573093,23510,MINI PLAYING CARDS GYMKHANA,1,2011-10-27 14:38:00.000000 UTC,0.42,18283,United Kingdom
573093,23506,MINI PLAYING CARDS SPACEBOY ,1,2011-10-27 14:38:00.000000 UTC,0.42,18283,United Kingdom
573093,23436,VINTAGE CHRISTMAS GIFT BAG LARGE ,1,2011-10-27 14:38:00.000000 UTC,1.25,18283,United Kingdom
575668,21930,JUMBO STORAGE BAG SKULLS,1,2011-11-10 14:59:00.000000 UTC,2.08,18283,United Kingdom
556731,85099B,JUMBO BAG RED RETROSPOT,2,2011-06-14 11:41:00.000000 UTC,2.08,18283,United Kingdom
575668,21889,WOODEN BOX OF DOMINOES,1,2011-11-10 14:59:00.000000 UTC,1.25,18283,United Kingdom
556731,22386,JUMBO BAG PINK POLKADOT,2,2011-06-14 11:41:00.000000 UTC,2.08,18283,United Kingdom
575668,20712,JUMBO BAG WOODLAND ANIMALS,1,2011-11-10 14:59:00.000000 UTC,2.08,18283,United Kingdom
556731,47559B,TEA TIME OVEN GLOVE,4,2011-06-14 11:41:00.000000 UTC,1.25,18283,United Kingdom
575668,23583,LUNCH BAG PAISLEY PARK  ,1,2011-11-10 14:59:00.000000 UTC,1.65,18283,United Kingdom
556731,22356,CHARLOTTE BAG PINK POLKADOT,2,2011-06-14 11:41:00.000000 UTC,0.85,18283,United Kingdom
575668,22549,PICTURE DOMINOES,1,2011-11-10 14:59:00.000000 UTC,1.45,18283,United Kingdom
557956,22367,CHILDRENS APRON SPACEBOY DESIGN,2,2011-06-23 19:20:00.000000 UTC,1.95,18283,United Kingdom
575668,23208,LUNCH BAG VINTAGE LEAF DESIGN,1,2011-11-10 14:59:00.000000 UTC,1.65,18283,United Kingdom
557956,84380,SET OF 3 BUTTERFLY COOKIE CUTTERS,1,2011-06-23 19:20:00.000000 UTC,1.25,18283,United Kingdom
575668,22733,3D TRADITIONAL CHRISTMAS STICKERS,1,2011-11-10 14:59:00.000000 UTC,1.25,18283,United Kingdom
575668,20723,STRAWBERRY CHARLOTTE BAG,1,2011-11-10 14:59:00.000000 UTC,0.85,18283,United Kingdom
575668,23199,JUMBO BAG APPLES,1,2011-11-10 14:59:00.000000 UTC,2.08,18283,United Kingdom
575668,22732,3D VINTAGE CHRISTMAS STICKERS ,1,2011-11-10 14:59:00.000000 UTC,1.25,18283,United Kingdom
575668,23209,LUNCH BAG VINTAGE DOILY ,1,2011-11-10 14:59:00.000000 UTC,1.65,18283,United Kingdom
557956,20725,LUNCH BAG RED RETROSPOT,1,2011-06-23 19:20:00.000000 UTC,1.65,18283,United Kingdom
575668,23581,JUMBO BAG PAISLEY PARK,1,2011-11-10 14:59:00.000000 UTC,2.08,18283,United Kingdom
575668,20727,LUNCH BAG  BLACK SKULL.,1,2011-11-10 14:59:00.000000 UTC,1.65,18283,United Kingdom
575668,23319,BOX OF 6 MINI 50'S CRACKERS,2,2011-11-10 14:59:00.000000 UTC,2.49,18283,United Kingdom
557956,22417,PACK OF 60 SPACEBOY CAKE CASES,1,2011-06-23 19:20:00.000000 UTC,0.55,18283,United Kingdom
575668,22735,RIBBON REEL SOCKS AND MITTENS,1,2011-11-10 14:59:00.000000 UTC,1.65,18283,United Kingdom
557956,21213,PACK OF 72 SKULL CAKE CASES,1,2011-06-23 19:20:00.000000 UTC,0.55,18283,United Kingdom
575668,23376,PACK OF 12 VINTAGE CHRISTMAS TISSUE,3,2011-11-10 14:59:00.000000 UTC,0.39,18283,United Kingdom
557956,23199,JUMBO BAG APPLES,1,2011-06-23 19:20:00.000000 UTC,2.08,18283,United Kingdom
575668,22382,LUNCH BAG SPACEBOY DESIGN ,1,2011-11-10 14:59:00.000000 UTC,1.65,18283,United Kingdom
575668,23204,CHARLOTTE BAG APPLES DESIGN,1,2011-11-10 14:59:00.000000 UTC,0.85,18283,United Kingdom
575668,23205,CHARLOTTE BAG VINTAGE ALPHABET ,1,2011-11-10 14:59:00.000000 UTC,0.85,18283,United Kingdom
575668,23202,JUMBO BAG VINTAGE LEAF,1,2011-11-10 14:59:00.000000 UTC,2.08,18283,United Kingdom
575668,21890,S/6 WOODEN SKITTLES IN COTTON BAG,1,2011-11-10 14:59:00.000000 UTC,3.25,18283,United Kingdom
575668,21790,VINTAGE SNAP CARDS,1,2011-11-10 14:59:00.000000 UTC,0.85,18283,United Kingdom
575668,23234,BISCUIT TIN VINTAGE CHRISTMAS,1,2011-11-10 14:59:00.000000 UTC,2.89,18283,United Kingdom
575668,21891,TRADITIONAL WOODEN SKIPPING ROPE,1,2011-11-10 14:59:00.000000 UTC,1.45,18283,United Kingdom
575668,23207,LUNCH BAG ALPHABET DESIGN,1,2011-11-10 14:59:00.000000 UTC,1.65,18283,United Kingdom
575668,23206,LUNCH BAG APPLE DESIGN,1,2011-11-10 14:59:00.000000 UTC,1.65,18283,United Kingdom
575668,22386,JUMBO BAG PINK POLKADOT,1,2011-11-10 14:59:00.000000 UTC,2.08,18283,United Kingdom
575668,85099F,JUMBO BAG STRAWBERRY,1,2011-11-10 14:59:00.000000 UTC,2.08,18283,United Kingdom
575668,21791,VINTAGE HEADS AND TAILS CARD GAME ,1,2011-11-10 14:59:00.000000 UTC,1.25,18283,United Kingdom
575668,22356,CHARLOTTE BAG PINK POLKADOT,1,2011-11-10 14:59:00.000000 UTC,0.85,18283,United Kingdom
578262,22952,60 CAKE CASES VINTAGE CHRISTMAS,5,2011-11-23 13:27:00.000000 UTC,0.55,18283,United Kingdom
541854,22935,BAKING MOULD ROSE MILK CHOCOLATE,1,2011-01-23 14:58:00.000000 UTC,3.25,18283,United Kingdom
579673,22384,LUNCH BAG PINK POLKADOT,2,2011-11-30 12:59:00.000000 UTC,1.65,18283,United Kingdom
578262,22573,STAR WOODEN CHRISTMAS DECORATION,2,2011-11-23 13:27:00.000000 UTC,0.85,18283,United Kingdom
580872,21986,PACK OF 12 PINK POLKADOT TISSUES,2,2011-12-06 12:02:00.000000 UTC,0.39,18283,United Kingdom
540350,84378,SET OF 3 HEART COOKIE CUTTERS,1,2011-01-06 14:14:00.000000 UTC,1.25,18283,United Kingdom
578262,23308,SET OF 60 VINTAGE LEAF CAKE CASES ,3,2011-11-23 13:27:00.000000 UTC,0.55,18283,United Kingdom
550957,21937,STRAWBERRY   PICNIC BAG,1,2011-04-21 16:37:00.000000 UTC,2.95,18283,United Kingdom
578262,22386,JUMBO BAG PINK POLKADOT,2,2011-11-23 13:27:00.000000 UTC,2.08,18283,United Kingdom
575668,21175,GIN + TONIC DIET METAL SIGN,1,2011-11-10 14:59:00.000000 UTC,2.55,18283,United Kingdom
578262,21791,VINTAGE HEADS AND TAILS CARD GAME ,2,2011-11-23 13:27:00.000000 UTC,1.25,18283,United Kingdom
578262,23509,MINI PLAYING CARDS FUN FAIR ,1,2011-11-23 13:27:00.000000 UTC,0.42,18283,United Kingdom
578262,22382,LUNCH BAG SPACEBOY DESIGN ,2,2011-11-23 13:27:00.000000 UTC,1.65,18283,United Kingdom
578262,22736,RIBBON REEL MAKING SNOWMEN ,2,2011-11-23 13:27:00.000000 UTC,1.65,18283,United Kingdom
578262,23344,JUMBO BAG 50'S CHRISTMAS ,10,2011-11-23 13:27:00.000000 UTC,2.08,18283,United Kingdom
578262,23202,JUMBO BAG VINTAGE LEAF,2,2011-11-23 13:27:00.000000 UTC,2.08,18283,United Kingdom
578262,22572,ROCKING HORSE GREEN CHRISTMAS ,2,2011-11-23 13:27:00.000000 UTC,0.85,18283,United Kingdom
578262,23381,PACK OF 12 VINTAGE LEAF TISSUES ,2,2011-11-23 13:27:00.000000 UTC,0.39,18283,United Kingdom
578262,22086,PAPER CHAIN KIT 50'S CHRISTMAS ,2,2011-11-23 13:27:00.000000 UTC,2.95,18283,United Kingdom
578262,20727,LUNCH BAG  BLACK SKULL.,2,2011-11-23 13:27:00.000000 UTC,1.65,18283,United Kingdom
578262,23349,ROLL WRAP VINTAGE CHRISTMAS,2,2011-11-23 13:27:00.000000 UTC,1.25,18283,United Kingdom
578262,23294,SET OF 6 SNACK LOAF BAKING CASES,5,2011-11-23 13:27:00.000000 UTC,0.83,18283,United Kingdom
578262,22910,PAPER CHAIN KIT VINTAGE CHRISTMAS,2,2011-11-23 13:27:00.000000 UTC,2.95,18283,United Kingdom
578262,23203,JUMBO BAG VINTAGE DOILY ,2,2011-11-23 13:27:00.000000 UTC,2.08,18283,United Kingdom
578262,23296,SET OF 6 TEA TIME BAKING CASES,3,2011-11-23 13:27:00.000000 UTC,1.25,18283,United Kingdom
578262,21175,GIN + TONIC DIET METAL SIGN,3,2011-11-23 13:27:00.000000 UTC,2.55,18283,United Kingdom
578262,23507,MINI PLAYING CARDS BUFFALO BILL ,1,2011-11-23 13:27:00.000000 UTC,0.42,18283,United Kingdom
578262,23307,SET OF 60 PANTRY DESIGN CAKE CASES ,3,2011-11-23 13:27:00.000000 UTC,0.55,18283,United Kingdom
578262,23380,PACK OF 12 VINTAGE DOILY TISSUES,2,2011-11-23 13:27:00.000000 UTC,0.39,18283,United Kingdom
578262,20723,STRAWBERRY CHARLOTTE BAG,2,2011-11-23 13:27:00.000000 UTC,0.85,18283,United Kingdom
578262,23378,PACK OF 12 50'S CHRISTMAS TISSUES,5,2011-11-23 13:27:00.000000 UTC,0.39,18283,United Kingdom
578262,22951,60 CAKE CASES DOLLY GIRL DESIGN,4,2011-11-23 13:27:00.000000 UTC,0.55,18283,United Kingdom
540350,22068,BLACK PIRATE TREASURE CHEST,2,2011-01-06 14:14:00.000000 UTC,1.65,18283,United Kingdom
578262,22576,SWALLOW WOODEN CHRISTMAS DECORATION,2,2011-11-23 13:27:00.000000 UTC,0.85,18283,United Kingdom
580872,22587,FELTCRAFT HAIRBAND RED AND BLUE,1,2011-12-06 12:02:00.000000 UTC,0.85,18283,United Kingdom
578262,22571,ROCKING HORSE RED CHRISTMAS ,2,2011-11-23 13:27:00.000000 UTC,0.85,18283,United Kingdom
578262,20719,WOODLAND CHARLOTTE BAG,2,2011-11-23 13:27:00.000000 UTC,0.85,18283,United Kingdom
578262,23510,MINI PLAYING CARDS GYMKHANA,1,2011-11-23 13:27:00.000000 UTC,0.42,18283,United Kingdom
578262,23307,SET OF 60 PANTRY DESIGN CAKE CASES ,1,2011-11-23 13:27:00.000000 UTC,0.55,18283,United Kingdom
578262,22733,3D TRADITIONAL CHRISTMAS STICKERS,2,2011-11-23 13:27:00.000000 UTC,1.25,18283,United Kingdom
579673,21181,PLEASE ONE PERSON METAL SIGN,4,2011-11-30 12:59:00.000000 UTC,2.1,18283,United Kingdom
578262,23209,LUNCH BAG VINTAGE DOILY ,2,2011-11-23 13:27:00.000000 UTC,1.65,18283,United Kingdom
560025,20727,LUNCH BAG  BLACK SKULL.,1,2011-07-14 13:00:00.000000 UTC,1.65,18283,United Kingdom
578262,23376,PACK OF 12 VINTAGE CHRISTMAS TISSUE,5,2011-11-23 13:27:00.000000 UTC,0.39,18283,United Kingdom
540350,22653,BUTTON BOX ,1,2011-01-06 14:14:00.000000 UTC,1.95,18283,United Kingdom
578262,21907,I'M ON HOLIDAY METAL SIGN,2,2011-11-23 13:27:00.000000 UTC,2.1,18283,United Kingdom
540350,21212,PACK OF 72 RETROSPOT CAKE CASES,1,2011-01-06 14:14:00.000000 UTC,0.55,18283,United Kingdom
540350,22750,FELTCRAFT PRINCESS LOLA DOLL,1,2011-01-06 14:14:00.000000 UTC,3.75,18283,United Kingdom
578262,23582,VINTAGE DOILY JUMBO BAG RED ,2,2011-11-23 13:27:00.000000 UTC,2.08,18283,United Kingdom
578262,22732,3D VINTAGE CHRISTMAS STICKERS ,2,2011-11-23 13:27:00.000000 UTC,1.25,18283,United Kingdom
578262,84992,72 SWEETHEART FAIRY CAKE CASES,1,2011-11-23 13:27:00.000000 UTC,0.55,18283,United Kingdom
578262,23201,JUMBO BAG ALPHABET,1,2011-11-23 13:27:00.000000 UTC,2.08,18283,United Kingdom
578262,21213,PACK OF 72 SKULL CAKE CASES,1,2011-11-23 13:27:00.000000 UTC,0.55,18283,United Kingdom
578262,84991,60 TEATIME FAIRY CAKE CASES,2,2011-11-23 13:27:00.000000 UTC,0.55,18283,United Kingdom
578262,23318,BOX OF 6 MINI VINTAGE CRACKERS,4,2011-11-23 13:27:00.000000 UTC,2.49,18283,United Kingdom
578262,22574,HEART WOODEN CHRISTMAS DECORATION,2,2011-11-23 13:27:00.000000 UTC,0.85,18283,United Kingdom
578262,23208,LUNCH BAG VINTAGE LEAF DESIGN,2,2011-11-23 13:27:00.000000 UTC,1.65,18283,United Kingdom
578262,84991,60 TEATIME FAIRY CAKE CASES,2,2011-11-23 13:27:00.000000 UTC,0.55,18283,United Kingdom
578262,22738,RIBBON REEL SNOWY VILLAGE,2,2011-11-23 13:27:00.000000 UTC,1.65,18283,United Kingdom
578262,23200,JUMBO BAG PEARS,2,2011-11-23 13:27:00.000000 UTC,2.08,18283,United Kingdom
578262,22553,PLASTERS IN TIN SKULLS,2,2011-11-23 13:27:00.000000 UTC,1.65,18283,United Kingdom
579673,22355,CHARLOTTE BAG SUKI DESIGN,3,2011-11-30 12:59:00.000000 UTC,0.85,18283,United Kingdom
540350,22966,GINGERBREAD MAN COOKIE CUTTER,1,2011-01-06 14:14:00.000000 UTC,1.25,18283,United Kingdom
560025,22382,LUNCH BAG SPACEBOY DESIGN ,1,2011-07-14 13:00:00.000000 UTC,1.65,18283,United Kingdom
540350,22367,CHILDRENS APRON SPACEBOY DESIGN,1,2011-01-06 14:14:00.000000 UTC,1.95,18283,United Kingdom
565579,22382,LUNCH BAG SPACEBOY DESIGN ,2,2011-09-05 12:35:00.000000 UTC,1.65,18283,United Kingdom
580872,22385,JUMBO BAG SPACEBOY DESIGN,3,2011-12-06 12:02:00.000000 UTC,2.08,18283,United Kingdom
578262,21985,PACK OF 12 HEARTS DESIGN TISSUES ,1,2011-11-23 13:27:00.000000 UTC,0.39,18283,United Kingdom
565579,20724,RED RETROSPOT CHARLOTTE BAG,2,2011-09-05 12:35:00.000000 UTC,0.85,18283,United Kingdom
580173,23175,REGENCY MILK JUG PINK ,4,2011-12-02 11:43:00.000000 UTC,3.25,18282,United Kingdom
580173,23174,REGENCY SUGAR BOWL GREEN,4,2011-12-02 11:43:00.000000 UTC,4.15,18282,United Kingdom
580173,22423,REGENCY CAKESTAND 3 TIER,2,2011-12-02 11:43:00.000000 UTC,12.75,18282,United Kingdom
562525,23187,FRENCH STYLE STORAGE JAR BONBONS,48,2011-08-05 13:35:00.000000 UTC,0.29,18282,United Kingdom
562525,21270,ANTIQUE CREAM CUTLERY CUPBOARD,1,2011-08-05 13:35:00.000000 UTC,12.75,18282,United Kingdom
562525,22089,PAPER BUNTING VINTAGE PAISLEY,6,2011-08-05 13:35:00.000000 UTC,2.95,18282,United Kingdom
562525,23295,SET OF 12 MINI LOAF BAKING CASES,8,2011-08-05 13:35:00.000000 UTC,0.83,18282,United Kingdom
562525,21109,LARGE CAKE TOWEL CHOCOLATE SPOTS,2,2011-08-05 13:35:00.000000 UTC,6.75,18282,United Kingdom
562525,22424,ENAMEL BREAD BIN CREAM,1,2011-08-05 13:35:00.000000 UTC,12.75,18282,United Kingdom
562525,21108,FAIRY CAKE FLANNEL ASSORTED COLOUR,9,2011-08-05 13:35:00.000000 UTC,2.55,18282,United Kingdom
580173,22699,ROSES REGENCY TEACUP AND SAUCER ,6,2011-12-02 11:43:00.000000 UTC,2.95,18282,United Kingdom
C562808,23187,FRENCH STYLE STORAGE JAR BONBONS,-5,2011-08-09 15:10:00.000000 UTC,0.29,18282,United Kingdom
580173,22818,CARD CHRISTMAS VILLAGE,12,2011-12-02 11:43:00.000000 UTC,0.42,18282,United Kingdom
556464,23008,DOLLY GIRL BABY GIFT SET,1,2011-06-12 10:53:00.000000 UTC,16.95,18281,United Kingdom
556464,22716,CARD CIRCUS PARADE,12,2011-06-12 10:53:00.000000 UTC,0.42,18281,United Kingdom
556464,23007, SPACEBOY BABY GIFT SET,1,2011-06-12 10:53:00.000000 UTC,16.95,18281,United Kingdom
556464,23209,LUNCH BAG DOILEY PATTERN ,10,2011-06-12 10:53:00.000000 UTC,1.65,18281,United Kingdom
556464,22037,ROBOT BIRTHDAY CARD,12,2011-06-12 10:53:00.000000 UTC,0.42,18281,United Kingdom
556464,22467,GUMBALL COAT RACK,6,2011-06-12 10:53:00.000000 UTC,2.55,18281,United Kingdom
556464,22028,PENNY FARTHING BIRTHDAY CARD,12,2011-06-12 10:53:00.000000 UTC,0.42,18281,United Kingdom
545712,22499,WOODEN UNION JACK BUNTING,3,2011-03-07 09:52:00.000000 UTC,5.95,18280,United Kingdom
545712,22727,ALARM CLOCK BAKELIKE RED ,4,2011-03-07 09:52:00.000000 UTC,3.75,18280,United Kingdom
545712,22611,VINTAGE UNION JACK SHOPPING BAG,3,2011-03-07 09:52:00.000000 UTC,4.95,18280,United Kingdom
545712,22084,PAPER CHAIN KIT EMPIRE,8,2011-03-07 09:52:00.000000 UTC,2.95,18280,United Kingdom
545712,22467,GUMBALL COAT RACK,6,2011-03-07 09:52:00.000000 UTC,2.55,18280,United Kingdom
545712,22725,ALARM CLOCK BAKELIKE CHOCOLATE,4,2011-03-07 09:52:00.000000 UTC,3.75,18280,United Kingdom
545712,82484,WOOD BLACK BOARD ANT WHITE FINISH,3,2011-03-07 09:52:00.000000 UTC,7.9,18280,United Kingdom
545712,22180,RETROSPOT LAMP,2,2011-03-07 09:52:00.000000 UTC,9.95,18280,United Kingdom
545712,22495,SET OF 2 ROUND TINS CAMEMBERT ,6,2011-03-07 09:52:00.000000 UTC,2.95,18280,United Kingdom
545712,22358,KINGS CHOICE TEA CADDY ,6,2011-03-07 09:52:00.000000 UTC,2.95,18280,United Kingdom
568492,22727,ALARM CLOCK BAKELIKE RED ,4,2011-09-27 11:58:00.000000 UTC,3.75,18278,United Kingdom
568492,23404,HOME SWEET HOME BLACKBOARD,6,2011-09-27 11:58:00.000000 UTC,4.95,18278,United Kingdom
568492,22111,SCOTTIE DOG HOT WATER BOTTLE,6,2011-09-27 11:58:00.000000 UTC,4.95,18278,United Kingdom
568492,20914,SET/5 RED RETROSPOT LID GLASS BOWLS,6,2011-09-27 11:58:00.000000 UTC,2.95,18278,United Kingdom
568492,23301,GARDENERS KNEELING PAD KEEP CALM ,12,2011-09-27 11:58:00.000000 UTC,1.65,18278,United Kingdom
568492,22596,CHRISTMAS STAR WISH LIST CHALKBOARD,12,2011-09-27 11:58:00.000000 UTC,1.25,18278,United Kingdom
568492,22595,GINGHAM HEART DECORATION,12,2011-09-27 11:58:00.000000 UTC,0.85,18278,United Kingdom
568492,23355,HOT WATER BOTTLE KEEP CALM,4,2011-09-27 11:58:00.000000 UTC,4.95,18278,United Kingdom
568492,22114,HOT WATER BOTTLE TEA AND SYMPATHY,4,2011-09-27 11:58:00.000000 UTC,4.25,18278,United Kingdom
570859,20679,EDWARDIAN PARASOL RED,3,2011-10-12 15:22:00.000000 UTC,5.95,18277,United Kingdom
570859,22578,WOODEN STAR CHRISTMAS SCANDINAVIAN,24,2011-10-12 15:22:00.000000 UTC,0.29,18277,United Kingdom
570859,15056P,EDWARDIAN PARASOL PINK,3,2011-10-12 15:22:00.000000 UTC,5.95,18277,United Kingdom
570859,23099,FRENCH CARRIAGE LANTERN,2,2011-10-12 15:22:00.000000 UTC,6.65,18277,United Kingdom
570859,22465,HANGING METAL STAR LANTERN,12,2011-10-12 15:22:00.000000 UTC,1.65,18277,United Kingdom
570859,20724,RED RETROSPOT CHARLOTTE BAG,10,2011-10-12 15:22:00.000000 UTC,0.85,18277,United Kingdom
570859,23323,WHITE WICKER STAR ,6,2011-10-12 15:22:00.000000 UTC,2.1,18277,United Kingdom
C542086,22423,REGENCY CAKESTAND 3 TIER,-1,2011-01-25 12:34:00.000000 UTC,12.75,18277,United Kingdom
570859,84879,ASSORTED COLOUR BIRD ORNAMENT,8,2011-10-12 15:22:00.000000 UTC,1.69,18277,United Kingdom
572990,22360,GLASS JAR ENGLISH CONFECTIONERY,6,2011-10-27 10:54:00.000000 UTC,2.95,18276,United Kingdom
572990,23085,ANTIQUE SILVER BAUBLE LAMP  ,12,2011-10-27 10:54:00.000000 UTC,8.25,18276,United Kingdom
572990,23434,3 RAFFIA RIBBONS 50'S CHRISTMAS ,10,2011-10-27 10:54:00.000000 UTC,0.79,18276,United Kingdom
572990,84946,ANTIQUE SILVER T-LIGHT GLASS,24,2011-10-27 10:54:00.000000 UTC,1.25,18276,United Kingdom
572990,23077,DOUGHNUT LIP GLOSS ,20,2011-10-27 10:54:00.000000 UTC,1.25,18276,United Kingdom
572990,22565,FELTCRAFT HAIRBANDS PINK AND WHITE ,12,2011-10-27 10:54:00.000000 UTC,0.85,18276,United Kingdom
572990,23076,ICE CREAM SUNDAE LIP GLOSS,24,2011-10-27 10:54:00.000000 UTC,1.25,18276,United Kingdom
572990,23241,TREASURE TIN GYMKHANA DESIGN,6,2011-10-27 10:54:00.000000 UTC,2.08,18276,United Kingdom
572990,22865,HAND WARMER OWL DESIGN,12,2011-10-27 10:54:00.000000 UTC,2.1,18276,United Kingdom
572990,22492,MINI PAINT SET VINTAGE ,36,2011-10-27 10:54:00.000000 UTC,0.65,18276,United Kingdom
572990,23401,RUSTIC MIRROR WITH LACE HEART,2,2011-10-27 10:54:00.000000 UTC,6.25,18276,United Kingdom
C577386,23401,RUSTIC MIRROR WITH LACE HEART,-1,2011-11-18 16:54:00.000000 UTC,6.25,18276,United Kingdom
572990,22568,FELTCRAFT CUSHION OWL,4,2011-10-27 10:54:00.000000 UTC,3.75,18276,United Kingdom
572990,20972,PINK CREAM FELT CRAFT TRINKET BOX ,12,2011-10-27 10:54:00.000000 UTC,1.25,18276,United Kingdom
572990,23348,CHILDRENS TOY COOKING UTENSIL SET,6,2011-10-27 10:54:00.000000 UTC,2.08,18276,United Kingdom
C577390,23401,RUSTIC MIRROR WITH LACE HEART,-1,2011-11-18 17:01:00.000000 UTC,6.25,18276,United Kingdom
C577832,21974,SET OF 36 PAISLEY FLOWER DOILIES,-12,2011-11-22 10:18:00.000000 UTC,1.45,18274,United Kingdom
C577832,23245,SET OF 3 REGENCY CAKE TINS,-4,2011-11-22 10:18:00.000000 UTC,4.95,18274,United Kingdom
C577832,22851,SET 20 NAPKINS FAIRY CAKES DESIGN ,-12,2011-11-22 10:18:00.000000 UTC,0.85,18274,United Kingdom
C577832,22720,SET OF 3 CAKE TINS PANTRY DESIGN ,-3,2011-11-22 10:18:00.000000 UTC,4.95,18274,United Kingdom
C577832,21231,SWEETHEART CERAMIC TRINKET BOX,-12,2011-11-22 10:18:00.000000 UTC,1.25,18274,United Kingdom
C577832,22423,REGENCY CAKESTAND 3 TIER,-1,2011-11-22 10:18:00.000000 UTC,12.75,18274,United Kingdom
C577832,22989,SET 2 PANTRY DESIGN TEA TOWELS,-6,2011-11-22 10:18:00.000000 UTC,3.25,18274,United Kingdom
C577832,84988,SET OF 72 PINK HEART PAPER DOILIES,-12,2011-11-22 10:18:00.000000 UTC,1.45,18274,United Kingdom
575485,21231,SWEETHEART CERAMIC TRINKET BOX,12,2011-11-09 17:03:00.000000 UTC,1.25,18274,United Kingdom
575485,22851,SET 20 NAPKINS FAIRY CAKES DESIGN ,12,2011-11-09 17:03:00.000000 UTC,0.85,18274,United Kingdom
575485,23243,SET OF TEA COFFEE SUGAR TINS PANTRY,4,2011-11-09 17:03:00.000000 UTC,4.95,18274,United Kingdom
575485,21974,SET OF 36 PAISLEY FLOWER DOILIES,12,2011-11-09 17:03:00.000000 UTC,1.45,18274,United Kingdom
C577832,84509A,SET OF 4 ENGLISH ROSE PLACEMATS,-4,2011-11-22 10:18:00.000000 UTC,3.75,18274,United Kingdom
575485,22720,SET OF 3 CAKE TINS PANTRY DESIGN ,3,2011-11-09 17:03:00.000000 UTC,4.95,18274,United Kingdom
575485,84988,SET OF 72 PINK HEART PAPER DOILIES,12,2011-11-09 17:03:00.000000 UTC,1.45,18274,United Kingdom
575485,21108,FAIRY CAKE FLANNEL ASSORTED COLOUR,18,2011-11-09 17:03:00.000000 UTC,0.79,18274,United Kingdom
575485,22423,REGENCY CAKESTAND 3 TIER,1,2011-11-09 17:03:00.000000 UTC,12.75,18274,United Kingdom
575485,22989,SET 2 PANTRY DESIGN TEA TOWELS,6,2011-11-09 17:03:00.000000 UTC,3.25,18274,United Kingdom
575485,23245,SET OF 3 REGENCY CAKE TINS,4,2011-11-09 17:03:00.000000 UTC,4.95,18274,United Kingdom
C577832,21108,FAIRY CAKE FLANNEL ASSORTED COLOUR,-18,2011-11-22 10:18:00.000000 UTC,0.79,18274,United Kingdom
575485,84509A,SET OF 4 ENGLISH ROSE PLACEMATS,4,2011-11-09 17:03:00.000000 UTC,3.75,18274,United Kingdom
C577832,23243,SET OF TEA COFFEE SUGAR TINS PANTRY,-4,2011-11-22 10:18:00.000000 UTC,4.95,18274,United Kingdom
581136,79302M,"ART LIGHTS,FUNK MONKEY",20,2011-12-07 13:16:00.000000 UTC,2.55,18273,United Kingdom
547843,79302M,"ART LIGHTS,FUNK MONKEY",20,2011-03-27 11:22:00.000000 UTC,2.55,18273,United Kingdom
565480,79302M,"ART LIGHTS,FUNK MONKEY",40,2011-09-05 11:27:00.000000 UTC,2.55,18273,United Kingdom
572617,23494,VINTAGE DOILY DELUXE SEWING KIT ,6,2011-10-25 11:52:00.000000 UTC,5.95,18272,United Kingdom
572617,22810,SET OF 6 T-LIGHTS SNOWMEN,12,2011-10-25 11:52:00.000000 UTC,2.95,18272,United Kingdom
572617,22557,PLASTERS IN TIN VINTAGE PAISLEY ,12,2011-10-25 11:52:00.000000 UTC,1.65,18272,United Kingdom
572617,23080,RED METAL BOX TOP SECRET,2,2011-10-25 11:52:00.000000 UTC,8.25,18272,United Kingdom
572617,22961,JAM MAKING SET PRINTED,12,2011-10-25 11:52:00.000000 UTC,1.45,18272,United Kingdom
572617,23081,GREEN METAL BOX ARMY SUPPLIES,2,2011-10-25 11:52:00.000000 UTC,8.25,18272,United Kingdom
572617,85230B,CINNAMON SCENTED VOTIVE CANDLE,48,2011-10-25 11:52:00.000000 UTC,0.29,18272,United Kingdom
572617,23293,SET OF 12 FAIRY CAKE BAKING CASES,8,2011-10-25 11:52:00.000000 UTC,0.83,18272,United Kingdom
572617,23320,GIANT 50'S CHRISTMAS CRACKER,12,2011-10-25 11:52:00.000000 UTC,2.89,18272,United Kingdom
572617,23534,WALL ART STOP FOR TEA ,3,2011-10-25 11:52:00.000000 UTC,5.95,18272,United Kingdom
572617,22722,SET OF 6 SPICE TINS PANTRY DESIGN,8,2011-10-25 11:52:00.000000 UTC,3.95,18272,United Kingdom
572617,22993,SET OF 4 PANTRY JELLY MOULDS,12,2011-10-25 11:52:00.000000 UTC,1.25,18272,United Kingdom
572617,23538,WALL ART VINTAGE HEART,6,2011-10-25 11:52:00.000000 UTC,4.95,18272,United Kingdom
572617,23493,VINTAGE DOILY TRAVEL SEWING KIT,10,2011-10-25 11:52:00.000000 UTC,1.95,18272,United Kingdom
572617,22554,PLASTERS IN TIN WOODLAND ANIMALS,12,2011-10-25 11:52:00.000000 UTC,1.65,18272,United Kingdom
572617,20956,PORCELAIN T-LIGHT HOLDERS ASSORTED,12,2011-10-25 11:52:00.000000 UTC,1.25,18272,United Kingdom
572617,23541,WALL ART CLASSIC PUDDINGS ,2,2011-10-25 11:52:00.000000 UTC,8.25,18272,United Kingdom
572617,23382,BOX OF 6 CHRISTMAS CAKE DECORATIONS,8,2011-10-25 11:52:00.000000 UTC,3.75,18272,United Kingdom
572617,23198,PANTRY MAGNETIC  SHOPPING LIST,12,2011-10-25 11:52:00.000000 UTC,1.45,18272,United Kingdom
572617,23294,SET OF 6 SNACK LOAF BAKING CASES,8,2011-10-25 11:52:00.000000 UTC,0.83,18272,United Kingdom
572617,22809,SET OF 6 T-LIGHTS SANTA,12,2011-10-25 11:52:00.000000 UTC,2.95,18272,United Kingdom
572617,23295,SET OF 12 MINI LOAF BAKING CASES,8,2011-10-25 11:52:00.000000 UTC,0.83,18272,United Kingdom
572617,22065,CHRISTMAS PUDDING TRINKET POT ,48,2011-10-25 11:52:00.000000 UTC,0.39,18272,United Kingdom
572617,23318,BOX OF 6 MINI VINTAGE CRACKERS,12,2011-10-25 11:52:00.000000 UTC,2.49,18272,United Kingdom
572617,22666,RECIPE BOX PANTRY YELLOW DESIGN,6,2011-10-25 11:52:00.000000 UTC,2.95,18272,United Kingdom
572617,23319,BOX OF 6 MINI 50'S CRACKERS,12,2011-10-25 11:52:00.000000 UTC,2.49,18272,United Kingdom
572617,23296,SET OF 6 TEA TIME BAKING CASES,8,2011-10-25 11:52:00.000000 UTC,1.25,18272,United Kingdom
572617,22960,JAM MAKING SET WITH JARS,6,2011-10-25 11:52:00.000000 UTC,4.25,18272,United Kingdom
572617,23503,PLAYING CARDS KEEP CALM & CARRY ON,12,2011-10-25 11:52:00.000000 UTC,1.25,18272,United Kingdom
563680,22961,JAM MAKING SET PRINTED,12,2011-08-18 12:06:00.000000 UTC,1.45,18272,United Kingdom
563680,23324,RUSTIC STRAWBERRY JAM POT LARGE ,12,2011-08-18 12:06:00.000000 UTC,2.08,18272,United Kingdom
563680,23293,SET OF 12 FAIRY CAKE BAKING CASES,8,2011-08-18 12:06:00.000000 UTC,0.83,18272,United Kingdom
563680,23236,STORAGE TIN VINTAGE DOILY ,6,2011-08-18 12:06:00.000000 UTC,2.89,18272,United Kingdom
563680,23198,PANTRY MAGNETIC  SHOPPING LIST,12,2011-08-18 12:06:00.000000 UTC,1.45,18272,United Kingdom
563680,23297,SET 40 HEART SHAPE PETIT FOUR CASES,16,2011-08-18 12:06:00.000000 UTC,1.65,18272,United Kingdom
563680,23295,SET OF 12 MINI LOAF BAKING CASES,8,2011-08-18 12:06:00.000000 UTC,0.83,18272,United Kingdom
563680,23306,SET OF 36 DOILIES PANTRY DESIGN,12,2011-08-18 12:06:00.000000 UTC,1.45,18272,United Kingdom
563680,21212,PACK OF 72 RETROSPOT CAKE CASES,24,2011-08-18 12:06:00.000000 UTC,0.55,18272,United Kingdom
563680,23359,SET OF 12 T-LIGHTS VINTAGE DOILY,12,2011-08-18 12:06:00.000000 UTC,1.95,18272,United Kingdom
563680,23251,VINTAGE RED ENAMEL TRIM MUG ,12,2011-08-18 12:06:00.000000 UTC,1.25,18272,United Kingdom
563680,20754,RETROSPOT RED WASHING UP GLOVES,6,2011-08-18 12:06:00.000000 UTC,2.1,18272,United Kingdom
563680,20751,FUNKY WASHING UP GLOVES ASSORTED,12,2011-08-18 12:06:00.000000 UTC,2.1,18272,United Kingdom
563680,23298,SPOTTY BUNTING,3,2011-08-18 12:06:00.000000 UTC,4.95,18272,United Kingdom
563680,23296,SET OF 6 TEA TIME BAKING CASES,8,2011-08-18 12:06:00.000000 UTC,1.25,18272,United Kingdom
563680,22667,RECIPE BOX RETROSPOT ,6,2011-08-18 12:06:00.000000 UTC,2.95,18272,United Kingdom
559813,84378,SET OF 3 HEART COOKIE CUTTERS,12,2011-07-12 15:42:00.000000 UTC,1.25,18272,United Kingdom
559813,22969,HOMEMADE JAM SCENTED CANDLES,24,2011-07-12 15:42:00.000000 UTC,1.45,18272,United Kingdom
559813,23166,MEDIUM CERAMIC TOP STORAGE JAR,12,2011-07-12 15:42:00.000000 UTC,1.25,18272,United Kingdom
559813,23236,DOILEY STORAGE TIN,6,2011-07-12 15:42:00.000000 UTC,2.89,18272,United Kingdom
563680,22993,SET OF 4 PANTRY JELLY MOULDS,12,2011-08-18 12:06:00.000000 UTC,1.25,18272,United Kingdom
559813,22907,PACK OF 20 NAPKINS PANTRY DESIGN,36,2011-07-12 15:42:00.000000 UTC,0.85,18272,United Kingdom
559813,22980,PANTRY SCRUBBING BRUSH,12,2011-07-12 15:42:00.000000 UTC,1.65,18272,United Kingdom
559813,22982,PANTRY PASTRY BRUSH,12,2011-07-12 15:42:00.000000 UTC,1.25,18272,United Kingdom
559813,23167,SMALL CERAMIC TOP STORAGE JAR ,12,2011-07-12 15:42:00.000000 UTC,0.83,18272,United Kingdom
559813,84997D,CHILDRENS CUTLERY POLKADOT PINK,4,2011-07-12 15:42:00.000000 UTC,4.15,18272,United Kingdom
559813,23299,FOOD COVER WITH BEADS SET 2 ,18,2011-07-12 15:42:00.000000 UTC,3.75,18272,United Kingdom
563680,23294,SET OF 6 SNACK LOAF BAKING CASES,8,2011-08-18 12:06:00.000000 UTC,0.83,18272,United Kingdom
559813,84997C,CHILDRENS CUTLERY POLKADOT BLUE,4,2011-07-12 15:42:00.000000 UTC,4.15,18272,United Kingdom
559813,22979,PANTRY WASHING UP BRUSH,12,2011-07-12 15:42:00.000000 UTC,1.45,18272,United Kingdom
559813,22966,GINGERBREAD MAN COOKIE CUTTER,12,2011-07-12 15:42:00.000000 UTC,1.25,18272,United Kingdom
559813,21218,RED SPOTTY BISCUIT TIN,6,2011-07-12 15:42:00.000000 UTC,3.75,18272,United Kingdom
559813,22720,SET OF 3 CAKE TINS PANTRY DESIGN ,3,2011-07-12 15:42:00.000000 UTC,4.95,18272,United Kingdom
559813,23306,SET OF 36 DOILIES PANTRY DESIGN,12,2011-07-12 15:42:00.000000 UTC,1.45,18272,United Kingdom
559813,22666,RECIPE BOX PANTRY YELLOW DESIGN,12,2011-07-12 15:42:00.000000 UTC,2.95,18272,United Kingdom
559813,23243,SET OF TEA COFFEE SUGAR TINS PANTRY,4,2011-07-12 15:42:00.000000 UTC,4.95,18272,United Kingdom
563680,22094,RED RETROSPOT TISSUE BOX,36,2011-08-18 12:06:00.000000 UTC,0.39,18272,United Kingdom
559813,23081,GREEN METAL BOX ARMY SUPPLIES,2,2011-07-12 15:42:00.000000 UTC,8.25,18272,United Kingdom
559813,84380,SET OF 3 BUTTERFLY COOKIE CUTTERS,12,2011-07-12 15:42:00.000000 UTC,1.25,18272,United Kingdom
563680,23326,HANGING MINI COLOURED BOTTLES,48,2011-08-18 12:06:00.000000 UTC,0.63,18272,United Kingdom
559813,22960,JAM MAKING SET WITH JARS,6,2011-07-12 15:42:00.000000 UTC,4.25,18272,United Kingdom
559813,23307,SET OF 60 PANTRY DESIGN CAKE CASES ,24,2011-07-12 15:42:00.000000 UTC,0.55,18272,United Kingdom
563680,22666,RECIPE BOX PANTRY YELLOW DESIGN,6,2011-08-18 12:06:00.000000 UTC,2.95,18272,United Kingdom
559813,23154,SET OF 4 JAM JAR MAGNETS,12,2011-07-12 15:42:00.000000 UTC,2.08,18272,United Kingdom
559813,22989,SET 2 PANTRY DESIGN TEA TOWELS,6,2011-07-12 15:42:00.000000 UTC,3.25,18272,United Kingdom
559813,22993,SET OF 4 PANTRY JELLY MOULDS,24,2011-07-12 15:42:00.000000 UTC,1.25,18272,United Kingdom
559813,23080,RED METAL BOX TOP SECRET,2,2011-07-12 15:42:00.000000 UTC,8.25,18272,United Kingdom
559813,84997A,CHILDRENS CUTLERY POLKADOT GREEN ,4,2011-07-12 15:42:00.000000 UTC,4.15,18272,United Kingdom
559813,23240,SET OF 4 KNICK KNACK TINS DOILEY ,6,2011-07-12 15:42:00.000000 UTC,4.15,18272,United Kingdom
559813,23165,LARGE CERAMIC TOP STORAGE JAR,12,2011-07-12 15:42:00.000000 UTC,1.65,18272,United Kingdom
563680,21218,RED SPOTTY BISCUIT TIN,6,2011-08-18 12:06:00.000000 UTC,3.75,18272,United Kingdom
559813,23298,SPOTTY BUNTING,3,2011-07-12 15:42:00.000000 UTC,4.95,18272,United Kingdom
581126,20914,SET/5 RED RETROSPOT LID GLASS BOWLS,6,2011-12-07 12:43:00.000000 UTC,2.95,18272,United Kingdom
559813,20914,SET/5 RED RETROSPOT LID GLASS BOWLS,6,2011-07-12 15:42:00.000000 UTC,2.95,18272,United Kingdom
559813,22961,JAM MAKING SET PRINTED,12,2011-07-12 15:42:00.000000 UTC,1.45,18272,United Kingdom
551507,22982,PANTRY PASTRY BRUSH,12,2011-04-28 18:11:00.000000 UTC,1.25,18272,United Kingdom